classname,time,groupNo
rentals.tests.apis.v3.test_rentals.TestV3RentalAPIAsDispatcher,440.122,1
promotions.tests.apis.test_promotions.PromotionsTestCase,227.452,1
rentals.tests.apis.v3.test_scheduling.TestScheduledRentalRequestV3Api,136.978,1
activities.tests.apis.v3.test_apis.TestActivitiesAPIAsDispatcher,118.938,1
trips.tests.apis.test_scheduled_trip_requests.TestDispatcherScheduledTripRequestModification,111.809,1
trips.tests.apis.test_trips.TestCustomerTripActionAsDispatcher,74.255,1
billing.tests.test_invoices.InvoicesTestCase,68.047,1
trips.tests.apis.test_trips.TestCustomerTripActionAsBusinessAdmin,62.805,1
trips.tests.apis.test_scheduled_trip_requests.TestRecurringTripRequestAsDispatcher,60.528,2
vehicles.tests.apis.v3.test_carsharing_vehicles.TestVehiclesAPIV3,59.998,2
vehicle_automation.tests.test_automation_apis.AutomationSettingItemsAPITestCase,45.544,2
promotions.tests.apis.test_promotions.MultiTripAwardsAPITests,44.831,2
rentals.tests.apis.v3.test_rentals.TestRentalAPIAsCustomer,43.939,2
trips.tests.apis.test_trips.TestDriverTripActions,43.584,2
rentals.tests.apis.v2.test_rentals.TestRentalAPI,40.937,2
users.tests.apis.v2.test_carsharing_customers.TestCustomerAPIV2Registration,39.669,2
users.tests.apis.v3.test_user_invites.TestUserInvite,38.811,2
vehicle_automation.tests.utils.test_telematics_alerts_jobs_automation.TestDTCAutomation,38.76,2
services.tests.apis.v3.test_carsharing_services.TestCarsharingServicesAPIV3AsAdmin,38.722,2
rentals.tests.apis.v3.test_contract_schedule_rental.TestContractScheduledRentalRequestV3Api,37.81,2
users.tests.signals.test_charge_registration_fee.TestRegistrationFeeFlow,36.134,2
trips.tests.apis.test_trips.TestCustomerTripAction,35.532,2
trips.tests.apis.test_dispatch_trip.OptimizingDispatchDriverSelectionTestCase,35.499,2
calendars.tests.apis.test_periods.PeriodsTestCase,35.492,2
rentals.tests.apis.v3.test_scheduling_station_available_types_at_lead_time.TestGeneralTypeCheckAndAssignmentWithAutoassignAtLeadTime,34.376,2
rentals.tests.apis.v2.test_rentals.TestRentalReceipt,34.298,2
promotions.tests.tasks.test_promotion_eligibility.TestProcessMultiTripAwardPromotionEligibilityTask,34.244,2
users.tests.apis.v2.test_carsharing_customers.TestCustomerAPIV2DriverLicense,34.095,2
billing.tests.invoices.test_invoice_filters.InvoiceFilterTestCase,32.891,2
stations.tests.test_apis.StationViewSetTest,32.706,2
vehicle_automation.tests.utils.test_telematics_alerts_jobs_automation.TestTelematicsToAlertJobGenerator,31.879,2
trips.tests.apis.test_trips.TestTransferTrips,31.154,2
users.tests.apis.v2.test_carsharing_customers.TestDispatcherFilterCustomers,29.961,2
vehicles.tests.tasks.test_carsharing_vehicles_alerts.TestUpdateVehicleAlertsTask,29.36,2
rentals.tests.apis.v3.test_scheduling.TestScheduledRentalRequestSerializer,28.769,2
trips.tests.apis.test_scheduled_trip_requests.TestCustomerPackageScheduledTripRequest,28.332,2
users.tests.apis.v2.test_carsharing_customers.TestIdentityVerification,27.739,2
trips.tests.utils.test_task_ordering.OptimizingTaskOrderingTestCase,26.334,2
users.tests.apis.v3.test_carsharing_customers.TestLinkBusinessProfile,25.378,2
billing.tests.invoices.test_special_invoices.SpecialInvoiceTestCase,25.109,2
vehicle_automation.tests.utils.test_transactional_alerts_jobs_automation.TestTransactionalRulePoorRating,24.967,2
rentals.tests.apis.v2.test_rentals.TestRentalAPIAsDispatcher,24.624,2
rentals.tests.apis.v2.test_pricing.TestCarsharingPricing,24.547,2
users.tests.apis.test_customers.TestCustomersAPIDispatcher,23.543,2
rentals.tests.apis.v3.test_scheduling.TestScheduledRentalRequestEndTimeUpdateAsServiceManager,22.511,3
service_regions.tests.test_serviceregions.TestServiceRegionAPI,22.084,3
users.tests.apis.v2.test_carsharing_customers.TestDispatcherFilterCustomersByUserGroups,22.023,3
users.tests.apis.v2.test_carsharing_customers.TestCustomerAPIV2EditAsDispatcher,21.974,3
vehicle_automation.tests.utils.test_power_lost_telematics_automation.TestTelematicsToAlertJobGenerator,21.728,3
rentals.tests.apis.v2.test_pricing.TestPricingMock,21.295,3
trips.tests.utils.test_task_ordering.FifoTaskOrderingTestCase,20.919,3
users.tests.apis.test_drivers.TestDriverViewSet,20.874,3
trips.tests.apis.test_scheduled_trip_requests.TestScheduledTripAPIAsBusinessAdmin,20.641,3
rentals.tests.apis.v3.test_scheduling.TestScheduledRentalRequestEndTimeUpdateAsDispatcher,20.476,3
users.tests.utils.test_user_groups.TestUserGroupCsvRowGeneration,20.146,3
trips.tests.apis.test_scheduled_trip_requests.TestScheduledTripRequestDriverValidation,19.849,3
rentals.tests.tasks.test_scheduling.TestSchedulingTasks,19.367,3
vehicles.tests.utils.test_goldpin_automation.TestGoldPinVehicleGroupAutomation,19.296,3
users.tests.apis.test_staff.TestStaffAPIAsDispatch,19.113,3
vehicle_lifecycle.tests.test_apis.LifeCycleAPITestCase,18.896,3
trips.tests.apis.test_scheduled_trip_requests.TestCustomerScheduledTripRequestCreation,18.844,3
users.tests.apis.v2.test_carsharing_customers.TestCustomerAPIV2EditAsCustomer,18.622,3
hardware_sdk_otakeys.tests.test_rentals.TestRentalsPayments,18.617,3
fleet_rentals.tests.models.test_fleet_rentals.FleetRentalTestCase,17.883,3
services.tests.utils.test_carsharing_service_utils.TestFindService,17.77,3
hardware_sdk_mensa.tests.test_webhooks.TestMensaSynthesis,17.742,3
users.tests.apis.v2.test_carsharing_customers.TestStaffServiceBasedV2CustomersFilter,17.673,3
rentals.tests.apis.v3.test_scheduling.TestScheduledRentalUpdateNotifications,17.347,3
trips.tests.utils.test_task_ordering.WavesTaskOrderingTestCase,16.915,3
vehicle_automation.tests.utils.test_reminder_automation.TestReminderProcessor,16.866,3
websockets.tests.apis.test_scheduling.TestScheduledRentalRequestsAsDispatcher,16.858,3
users.tests.apis.test_vehicles_drivers.VehicleAPIsAsDispatcherTestCase,16.53,3
rentals.tests.apis.v3.test_rentals.TestRentalAPIAsDispatcher,16.512,3
rentals.tests.apis.v3.test_rentals.TestRentalReceipt,16.134,3
trips.tests.apis.test_scheduled_trip_requests.TestDispatcherScheduledTripRequestCreation,16.098,3
payments.tests.apis.v3.test_business_entity.TestBusinessEntityAPI,16.023,3
rentals.tests.apis.v3.test_scheduling.TestScheduledRentalAPIAsCustomer,15.671,3
users.tests.apis.test_dispatch_drivers.TestDriverCreation,15.638,3
pricing_engine.tests.utils.test_criteria_functions.TestCriteriaFunctions,15.589,3
trips.tests.apis.test_trips.TestDropoffOverwritingAsServiceManager,15.421,3
users.tests.apis.test_customers.TestCustomersAPIAsBusinessAdmin,15.325,3
driver_scheduling.tests.apis.test_slots.TestSlotsAPIAsManager,15.198,3
trips.tests.apis.test_trips.TestDropoffOverwritingAsDispatcher,15.104,3
vehicle_automation.tests.utils.test_transactional_alerts_jobs_automation.TestCancelJobAndAlertForResolvedVehicleConditions,14.982,3
vehicles.tests.tasks.test_carsharing_vehicles_alerts.TestVehicleTasks,14.888,3
vehicle_lifecycle.tests.test_lifecycle_tasks.TestCreateLifecycleForVehicles,14.654,3
service_regions.tests.tests_special_dispatch_regions.TestPinBasedSpecialDispatchRegionAPIForDispatcher,14.411,3
payments.tests.utils.test_carsharing_payment_utils.TestDarwinPricingScenarios,14.207,3
rentals.tests.apis.v3.test_availability.TestVehicleTypeAvailability,14.202,3
payments.tests.utils.test_carsharing_payment_utils.TestGeofenceFees,14.133,3
afm_integration.tests.test_webhook_api.TestAfmApiViewSet,14.071,3
service_regions.tests.tests_special_dispatch_regions.TestPinBasedSpecialDispatchRegionAPIForManager,13.85,3
trips.tests.apis.test_dispatch_trip.OptimizingDispatchTripDriverFilteringTestCase,13.778,3
payments.tests.utils.test_carsharing_payment_utils.TestScheduledRentalRequestsPaymentUtilsCreateOveragePayment,13.549,3
users.tests.apis.v3.test_carsharing_customers.TestRegistrationSteps,13.514,3
rentals.tests.tasks.test_scheduling.TestSchedulingTasksConversion,13.396,3
vehicles.tests.apis.v2.test_vehicle_alerts.VehicleAlertApiTest,13.378,3
payments.tests.payment_providers.test_paytm_api.TestPayTMPreauth,13.302,3
locations.tests.apis.test_locations.TestLocationAliasAPI,13.271,3
trips.tests.models.test_trips.TestTripsUtils,13.262,3
vehicle_lifecycle.tests.test_life_cycle_planned_date_setup.TestLifeCyclePlannedDateTimeSet,13.251,3
rentals.tests.tasks.test_scheduling.TestSchedulingTasksPaymentHold,12.945,3
services.tests.apis.v2.test_settings_api.SettingsApiTestCase,12.922,3
rentals.tests.apis.v3.test_scheduled_rental_addons.TestScheduledRentalRequestsAddon,12.761,3
vehicle_lifecycle.tests.test_vehicle_state_sync_api.TestVehicleStateSyncIngestion,12.577,3
vehicle_automation.tests.test_automation_alert_to_job.TestCreateDuplicateJob,12.511,3
rentals.tests.tasks.test_sms_reminders.TestScheduledRentalReservationSMSes,12.504,3
service_regions.tests.tests_special_dispatch_regions.TestPinBasedSpecialDispatchRegionAPIForCustomer,12.502,3
payments_engine.tests.test_paytm_apis.TestPayTMPreauth,12.445,3
rentals.tests.tasks.test_scheduling.TestScheduledRentalsCancellationEmails,12.413,3
users.tests.models.test_carsharing_customers_can_reserve_car.TestBusinessCustomers,12.413,3
vehicles.tests.apis.test_vehicle_types.TestVehicleTypesAsCommonCustomer,12.319,3
vehicles.tests.apis.v2.test_tolls.TestTollApiAsManager,12.277,3
hardware_sdk_geotab.tests.test_carsharing_customers.TestCustomerAPIV2Registration,12.262,3
users.tests.apis.test_customers.TestCustomersAPI,12.155,3
users.tests.apis.v2.test_carsharing_customers.TestTurningCustomerIntoDriver,12.02,3
vehicles.tests.utils.test_vehicle_transition_utils.TestTransitionToGoldPin,11.982,3
rentals.tests.apis.v2.test_rentals.TestRentalReceiptOrgMembership,11.735,3
users.tests.apis.test_favorite_drivers.TestFavoriteDrivers,11.724,3
promotions.tests.tasks.test_auto_activated_non_mta_promotions.PromotionAutoActivationTest,11.685,3
payments.tests.commands.test_reconcile_default_stripe_card.TestReconcileDefaultStripeCard,11.455,3
service_regions.tests.test_serviceregions.TestV3ServiceRegionAPI,11.431,3
service_regions.tests.tests_special_dispatch_regions.TestPinBasedSpecialDispatchRegionAPIForDriver,11.374,3
rentals.tests.tasks.test_scheduling.TestScheduledRentalConversionFailureEmailsEdgeCases,11.366,3
rentals.tests.apis.v3.test_availability.TestVehicleTypeAvailabilityWithStackRanking,11.356,3
ops_center.tests.analytics.test_promotion_reports.PromotionReportsTests,11.337,4
payments.tests.models.test_rental_payments.TestPayments,11.311,4
hardware_sdk_otakeys.tests.test_webhooks.TestOTAKeysSynthesis,11.289,4
pricing_engine.tests.apis.test_pricing_rules_apis.TestPricingRulesAPI,11.231,4
users.tests.apis.test_drivers.TestAvailableDrivers,11.23,4
hardware_sdk_geotab.tests.test_webhooks.TestGeotabNotificationCallback,11.037,4
rentals.tests.apis.v3.test_scheduling.TestScheduledRentalCalendarAPIs,11.028,4
rentals.tests.apis.v2.test_scheduled_rentals.TestRentalCreationVerification,11.014,4
fleet_rentals.tests.apis.test_fleet_rentals.TestV3FleetRentals,10.977,4
hardware.tests.hal.test_integration.TestIntegration,10.972,4
users.tests.apis.test_customers.TestCustomerSearchAsServiceManager,10.925,4
users.tests.models.test_carsharing_customers_can_reserve_car.TestCustomers,10.884,4
driver_scheduling.tests.apis.test_zones.TestZonesAPI,10.828,4
payments.tests.apis.v3.test_subscription.TestStripeSubscriptionAPIAsCustomer,10.77,4
payments.tests.utils.test_create_trip_payment.TestTripReceiptSending,10.765,4
payments.tests.apis.v3.test_subscription.TestBraintreeSubscriptionAPIAsCustomer,10.757,4
vehicle_lifecycle.tests.test_ods_report_api.TestODSAPI,10.709,4
users.tests.apis.v2.test_carsharing_customers.TestCustomerAPIV2RegistrationServiceRegistration,10.573,4
trips.tests.apis.test_trips.TestDropoffOverwritingAsDriver,10.521,4
users.tests.third_party.test_jumio.TestJumioVerification,10.509,4
service_regions.tests.test_pricingregions.TestPricingRegionAPI,10.481,4
trips.tests.apis.test_scheduled_trip_requests.TestCustomerScheduledTripRequestCreationValidation,10.455,4
vehicles.tests.apis.v3.test_registered_hw_devices.TestVehicleRegistration,10.439,4
services.tests.apis.test_services.TestServiceVisibilityForDriverCustomers,10.416,4
rentals.tests.models.test_rentals.TestScheduledRentalRequests,10.385,4
promotions.tests.serializers.test_payload_validation.MultiTripAwardPayloadValidationTest,10.359,4
trips.tests.apis.test_scheduled_trip_requests.TestDriverScheduledTripRequestConfirm,10.253,4
vehicle_automation.tests.test_automation_alert_to_job.TestCreateJobForAutomationAlert,10.04,4
vehicles.tests.apis.v2.test_carsharing_vehicles.TestVehicleSearch,10.033,4
vehicles.tests.tasks.test_carsharing_vehicles.TestVehicleTasks,9.944,4
rentals.tests.tasks.test_rentals.TestAutoDecoupleRentalTask,9.83,4
payments.tests.apis.v3.test_apis.TestV3PaymentRefund,9.825,4
vehicle_assignment_rules.tests.test_vehicle_assignment_rules.TestRulesBaseCase,9.683,4
vehicles.tests.apis.v3.test_carsharing_vehicles.TestVehicleLiveMapAsDispatcher,9.672,4
payments.tests.apis.test_customers_cards.TestDeleteCard,9.642,4
rest_utils.tests.test_authentication.TestJWTAuthentication,9.61,4
users.tests.apis.v2.test_carsharing_customers.TestMembershipNumbers,9.583,4
driver_scheduling.tests.apis.test_slots.TestScheduledTripRequestSlotsAPIAsManager,9.51,4
driver_scheduling.tests.apis.test_neighborhood_loading.TestZillowDataLoadAPI,9.507,4
websockets.tests.apis.test_bindings.PostBindingFilterTest,9.47,4
services.tests.utils.test_carsharing_service_utils.TestValidateStationServices,9.43,4
payments.tests.apis.v2.test_pricing.TestFareEstimateAPI,9.384,4
vehicles.tests.utils.test_hw_devices.TestActivateAndDeactivate,9.343,4
users.tests.apis.test_customer_signup.TestCustomerSignupVerificationCode,9.296,4
rentals.tests.apis.v3.test_pricing.TestCarsharingServicesPricingPackagesAPIV3AsCustomer,9.278,4
data_pipeline.tests.models.test_data_pipeline.TestDataPipelineWhenEnabled,9.146,4
vehicles.tests.apis.v2.test_carsharing_vehicles.TestVehiclesAPIAsCustomer,9.005,4
rentals.tests.apis.v3.test_rental_addons.TestV3RentalAPIAsCustomerWithAddons,9.003,4
payments.tests.utils.test_carsharing_payment_utils.TestCreateUpdatePaymentSendsReceipt,8.976,4
trips.tests.apis.test_trips.TestTripTasksAsDriver,8.938,4
trips.tests.apis.test_trips.TestTripActionsAsDispatcherWithExemptions,8.932,4
rentals.tests.models.test_rentals.TestRentals,8.904,4
hardware_sdk_mensa.tests.test_webhooks.TestMensaRFIDStartRental,8.895,4
vehicles.tests.models.test_carsharing_vehicles_2.TestVehicleReservationStatusAlertUpdate,8.851,4
services.tests.models.test_carsharing_services.TestScheduledRentalRequestAvailabilitySettings,8.848,4
rentals.tests.apis.v3.test_scheduling.TestScheduledRentalRequestPriceCheck,8.816,4
hardware_sdk_mensa.tests.utils.test_parameters.TestUpdateMensaDeviceParameters,8.748,4
hardware_sdk_otakeys.tests.test_rentals.OTAKeysTestCase,8.744,4
pricing_engine.tests.utils.test_criteria_functions.TestTollsCriteriaFunctions,8.743,4
promotions.tests.apis.test_credits.CreditBalanceWithRegistrationCredits,8.74,4
rentals.tests.models.test_rentals.TestScheduledRentalManualWithValetRequests,8.699,4
trips.tests.apis.test_trips.TestSpecialRequests,8.667,4
vehicles.tests.apis.v3.test_vehicles.TestVehicleTypeV3API,8.656,4
users.tests.third_party.test_samba_safety.TestSambaSafetyMvrOverCustomer,8.546,4
rentals.tests.tasks.test_sms_reminders.TestScheduledRentalReservationSMSesStationBased,8.497,4
rentals.tests.apis.v2.test_pricing.TestVehicleTypePricingAPI,8.472,4
users.tests.apis.test_drivers.TestEditDriverAsServiceManager,8.468,4
ops_center.tests.analytics.test_periscope_dashboard_api.TestPeriscopeDashboard,8.452,4
vehicles.tests.apis.v2.test_carsharing_vehicles.TestVehiclesAPI,8.411,4
services.tests.apis.v3.test_carsharing_services.TestCarsharingServicesAPIV3AsCustomer,8.409,4
trips.tests.apis.test_trips.TestTripFindByDispatchPinAsDriver,8.385,4
ops_center.tests.tasks.test_analytic_aggregations.AggregatedDriverSlotStatisticsTestCase,8.369,4
vehicles.tests.apis.test_vehicle_types.TestVehicleTypeModel,8.361,4
trips.tests.apis.test_create_trip.TestTripCreation,8.333,4
rentals.tests.apis.v3.test_scheduling.TestScheduledRentalRequestAssignment,8.301,4
users.tests.models.test_customer_history_2.TestCustomerHistoryGeneratedByCustomers,8.225,4
vehicles.tests.utils.test_vehicle_import_from_ods.TestVehicleImportFromODS,8.199,4
payments.tests.utils.test_carsharing_payment_utils.TestAdditionalFeesAndTaxesForPricingSnapshot,8.156,4
fleet_rentals.tests.utils.test_fleet_rental_pricing.FleetRentalPricingTestCase,8.11,4
hardware.tests.hal.test_tasks.TestCalculateAndChargeMensaRental,8.077,4
rentals.tests.apis.v3.test_scheduling.TestSRRPricingSnapshotAsCustomer,8.006,4
users.tests.models.test_user_profiles.UserProfileQuerySetTestCase,7.996,4
users.tests.signals.test_registration.TestChargeRegistrationFee,7.94,4
afm_integration.tests.test_tasks.TestVehicleAlertToTicketMapping,7.923,4
rentals.tests.models.test_rentals.TestScheduledRentalRequestsAutomaticAssignment,7.886,4
users.tests.apis.test_drivers.TestDriverListFilteringAsDispatcher,7.835,4
payments.tests.apis.v2.test_payments.TestBlockPricingCalculation,7.728,4
vehicle_blocks.tests.test_can_create_vehicle_block.TestWorkerCanCreateVehicleBlockAPI,7.705,4
payments.tests.apis.test_customers_cards.TestMultiCardSupport,7.681,4
rentals.tests.tasks.test_scheduling.TestDebitFailedPaymentsFlow,7.669,4
websockets.tests.apis.test_notifications.NotificationsTestCaseAsDispatcher,7.631,4
services.tests.apis.v3.test_markets.TestMarketAPIAsCustomer,7.574,4
uber_integration.tests.test_oauth_authenticate.UberOauthLoginTest,7.538,4
hardware_sdk_invers.tests.test_vehicle_actions.TestInversVehicleActionsAPI,7.524,4
ops_center.tests.analytics.test_carsharing_reports.TestCarsharingReports,7.514,4
firebase.tests.test_carsharing_firebase.TestFirebaseTasks,7.496,4
vehicle_blocks.tests.test_vehicle_blocks.TestCreateVehicleBlockAPIWithOverride,7.483,4
users.tests.apis.test_customers.TestCustomerSearch,7.424,4
ops_center.tests.analytics.test_reports.TestTripReports,7.416,4
vehicle_automation.tests.utils.test_transactional_alerts_jobs_automation.TestTransactionalRuleVehicleWithDamageConditions,7.412,4
users.tests.apis.v3.test_customers.TestCustomerAssociateBusinessEntityAPI,7.412,4
users.tests.apis.v3.test_carsharing_customers.TestCustomerProfileType,7.412,4
payments.tests.apis.v3.test_addon.TestAddonAPI,7.36,4
trips.tests.apis.test_scheduled_trip_requests.TestDriverScheduledTripRequestClaim,7.33,4
vehicles.tests.utils.test_vehicle_transition_utils.TestTransitionFromGoldPin,7.141,4
vehicles.tests.apis.v3.test_vehicle_type_details.TestVehicleTypeDetailsV3API,7.13,4
services.tests.apis.v3.test_services.TestActiveServicePricing,7.1,4
users.tests.apis.v3.test_customers.TestCustomerEmailValidation,6.988,4
fleet_rentals.tests.apis.test_fleet_rentals.TestV3FleetRentalReservation,6.929,4
trips.tests.apis.test_scheduled_trip_requests.TestDriverScheduledTripRequestList,6.924,4
trips.tests.apis.test_scheduled_trip_requests.TestCompareV2V3ListAPIForScheduledTrip,6.758,4
users.tests.serializers.test_staff.TestStaffSerializer,6.756,4
users.tests.third_party.test_jumio.TestJumioProcessingStatusChangeByCallback,6.753,4
rider_ivrs.tests.views.test_ivrs.IVRSApiTestCase,6.727,4
trips.tests.apis.test_dispatch_trip.PickupRequestDispatchTestCase,6.713,4
users.tests.views.test_registration.LoginStaffTestCase,6.588,4
websockets.tests.apis.test_scheduling.TestIndependentFiltersOnScheduledRentals,6.532,4
payments.tests.utils.test_carsharing_payment_utils.TestScheduledRentalRequestsPaymentUtils,6.47,4
services.tests.apis.v3.test_carsharing_services.TestCarsharingServicesAPIV3AsDispatcherInOtherService,6.425,4
stations.tests.test_apis.StationViewSetTestAsCustomer,6.361,4
users.tests.apis.v2.test_carsharing_customers.TestCustomerAPIV2DriverLicenseAddress,6.324,4
vehicle_automation.tests.utils.test_transactional_alerts_jobs_automation.TestTransactionalRuleRentalCount,6.254,4
stations.tests.test_apis.StationViewSetTestShape,6.234,4
users.tests.apis.v2.test_carsharing_customers.TestCustomerProfileType,6.21,4
rentals.tests.apis.v3.test_availability.TestStationAvailabilityAPIWithStackRankingForCreatingSRR,6.176,4
services.tests.apis.v3.test_carsharing_services.TestCarsharingServicesAPIV3AsServiceManagerInOtherService,6.159,4
vehicle_lifecycle.tests.test_apis.LifeCycleStageAPITestCase,6.128,4
trips.tests.apis.test_scheduled_trip_requests.TestCustomerScheduledTripRequestCancellationWithWallet,6.118,4
users.tests.apis.test_customers.TestCustomerRegistrationInfo,6.078,4
stations.tests.test_apis.VehicleTypeTimelineAPITestAsCustomer,6.068,4
payments.tests.tasks.test_payments.TestDebitFailedCustomerIOEvent,6.039,4
rentals.tests.apis.v3.test_scheduling.TestScheduledRentalRequestV3ApiAsServiceManager,5.945,4
users.tests.apis.v2.test_carsharing_customers.TestCustomerAPIV2MailingAddress,5.933,4
users.tests.apis.v3.test_carsharing_customers.TestStaffServiceBasedV3CustomersFiltering,5.921,4
users.tests.apis.v2.test_carsharing_customers.TestCustomerSearchV2,5.908,4
rentals.tests.apis.v3.test_scheduling.TestScheduledRentalRequestCancellationFees,5.852,4
payments.tests.apis.v3.test_membership.TestMembershipAPI,5.84,4
billing.tests.invoices.test_invoice_types.InvoiceTypeTestCase,5.79,4
users.tests.apis.v2.test_supplier_managers.TestEditSupplierManagersAsServiceManager,5.689,4
vehicles.tests.apis.test_vehicle_admin.TestRecurringAlertNotification,5.687,4
activities.tests.apis.test_apis.TestActivityAPIAsDispatcher,5.679,4
afm_integration.tests.test_tasks.TestVehicleAlertToTicketMappingMultipleServices,5.673,4
vehicles.tests.apis.test_vehicle_apis.VehiclesAPITestCase,5.612,4
trips.tests.apis.test_dispatch_trip.CompDispatchIntegrationTestCase,5.522,4
vehicle_blocks.tests.test_can_create_vehicle_block.TestCanCreateVehicleBlockAPI,5.476,4
django_utils.tests.apis.v3.test_documentation.TestAPIV3DocsRendering,5.473,4
dealer_service_networks.tests.apis.v3.test_dealer_service_networks.TestV3DealerServiceNetworkStella,5.462,4
users.tests.apis.test_fraud_detection.TestBlockIdentifierAPI,5.462,4
hardware_sdk_geotab.tests.test_interface.TestReserveVehicle,5.429,4
ops_center.tests.views.test_about_pages.TestAboutPages,5.419,4
hardware_sdk_geotab.tests.test_interface.TestCancelReservation,5.416,4
uber_integration.tests.test_vehicle_integration_api.UberVehicleIntegrationApiTest,5.38,4
services.tests.apis.v3.test_services.TestServiceVisibilityForCustomers,5.372,4
tickets.tests.test_tasks.CreateJobForTicketTest,5.365,4
trips.tests.apis.test_trips.TestTripListFilteringAsCustomer,5.364,4
rentals.tests.tasks.test_rentals.TestRentalTasks,5.317,4
trips.tests.apis.test_scheduled_trip_requests.TestDriverScheduledTripRequestEmergencyCancel,5.294,5
vehicle_automation.tests.test_automation_apis.TestOrderingWithVehicleVin,5.276,5
users.tests.apis.test_dispatch_drivers.TestDispatchDriverAdmin,5.265,5
trips.tests.serializers.test_trips.TestTripSerializer,5.196,5
afm_integration.tests.test_signals.TestTicketUpdateSignal,5.171,5
payments.tests.apis.test_customers_cards.TestAddCard,5.122,5
promotions.tests.signals.test_signals.PromotionSignalsTestCase,5.119,5
users.tests.signals.test_registration.TestBusinessRegistrationComplete,5.089,5
services.tests.apis.v2.test_settings_api.TestRidesharingPricingAsCustomer,5.076,5
users.tests.apis.v3.test_carsharing_customers.TestCarsharingCustomerFiltering,5.068,5
driver_scheduling.tests.apis.test_slots.TestAssignmentsAsManager,5.053,5
users.tests.apis.test_radio_stations.TestRadioStationAPIAsDispatcher,5.037,5
rentals.tests.apis.test_rental_operations.TestRentalAPIOperations,4.976,5
services.tests.utils.test_tenantconfiguration.TestDefaultRegistrationService,4.914,5
stations.tests.test_apis.StationViewSetTestAddRemoveVehicles,4.85,5
vehicle_automation.tests.utils.test_transactional_alerts_jobs_automation.TestTransactionalRuleLongDuration,4.846,5
pricing_engine.tests.test_engine.TestRegionToRegionPricing,4.817,5
vehicle_automation.tests.utils.test_telematics_alerts_jobs_automation.TestTelematicsForMultiLevelTrigger,4.809,5
service_regions.tests.test_serviceregions.TestIsRouteAllowed,4.791,5
stations.tests.test_apis.StationViewSetTestSelectedCarsharingService,4.791,5
vehicle_lifecycle.tests.test_lifecycle_signals.TestVehicleLifeCycleSignals,4.764,5
driver_scheduling.tests.apis.test_neighborhood_loading.TestZillowDataGrab,4.748,5
trips.tests.apis.test_trips.TestDropoffOverwritingAsBusinessAdmin,4.737,5
payments_engine.tests.tests_payment_utils.TestPaymentUtils,4.715,5
payments.tests.utils.test_carsharing_payment_utils.TestCalculateShortTripFareCallsWithSnapshottedShortTripPricingEnabledFlag,4.688,5
users.tests.apis.v3.test_customers.TestCustomerContactAPI,4.687,5
locations.tests.apis.v3.test_locations.TestLocationAPIAsDispatcher,4.671,5
vehicles.tests.apis.v3.test_registered_hw_devices.TestVehicleCombinations,4.667,5
trips.tests.serializers.test_trips.TestPassengerValidation,4.663,5
manual_identity_verification.tests.api.test_identity_profile.TestMIVUploadDocuments,4.652,5
vehicle_conditions.tests.apis.test_vehicle_condition.TestVehicleConditionApiFilters,4.65,5
rentals.tests.apis.v3.test_rentals.TestScheduledRentalsAPIAsSupplierManager,4.644,5
rentals.tests.apis.v2.test_scheduled_rentals.TestRentalUtils,4.615,5
vehicles.tests.apis.v3.test_event_reports.TestEventReportAsDispatcher,4.614,5
driver_scheduling.tests.apis.test_slots.TestSlotsAPIAsServiceManagerWithoutSlotPermission,4.602,5
hardware_sdk_geotab.tests.test_vendor_tasks.TestEndRentalFlow,4.591,5
trips.tests.apis.test_scheduled_trip_requests.TestScheduledTripConversion,4.589,5
vehicle_automation.tests.utils.test_telematics_alerts_jobs_automation.TestTelematicsAutomationSettingItemQueryset,4.561,5
vehicle_automation.tests.utils.test_transactional_alerts_jobs_automation.TestTransactionalRuleVehicleNotUsed,4.555,5
users.tests.apis.v3.test_carsharing_customers.TestApplyReferrals,4.545,5
trips.tests.apis.test_trips.TestTripCreationWithExemptions,4.53,5
rentals.tests.apis.v3.test_pricing.TestPricingPlaygroundAPI,4.497,5
trips.tests.apis.test_create_trip.TestTripCreationAsDispatcher,4.462,5
rest_utils.tests.test_authentication.TestJWTAuthenticationSoftResetAndMFA,4.453,5
trips.tests.apis.test_scheduled_trip_requests.TestScheduledTripRequestSummary,4.449,5
driver_scheduling.tests.apis.test_slots.TestSlotsAPIAsDriver,4.431,5
services.tests.apis.test_services.TestServiceFields,4.37,5
users.tests.signals.test_charge_registration_fee.TestDriverLicenseSignals,4.367,5
trips.tests.apis.test_trips.TestDispatchTripList,4.299,5
rentals.tests.apis.v3.test_pricing.TestVehicleTypeServicePricingAPI,4.291,5
users.tests.apis.v2.test_carsharing_customers.TestCustomerRunBackgroundCheckAPIV2AsDispatcher,4.29,5
payments.tests.utils.test_payment_utils.TestFareCalculation,4.282,5
vehicles.tests.models.test_carsharing_vehicles_2.TestFlippingServicesOfTicketSignal,4.232,5
vehicle_lifecycle.tests.test_mon_offre_report.TestMonOffreReport,4.222,5
trips.tests.apis.test_etas.TestWaveETAEstimates,4.204,5
hardware_sdk_continental.tests.test_vehicle_actions.TestContinentalVehicleActionsAPI,4.188,5
users.tests.apis.test_drivers.TestDriverViewSetAsManager,4.17,5
trips.tests.apis.test_trips.TestPastTripsWithFareDetailsAsDispatcher,4.167,5
users.tests.apis.v2.test_usergroups.TestStaffServiceBasedV2UserGroupsFiltering,4.15,5
rentals.tests.apis.v3.test_availability.TestVehicleTypePricingWithStackRanking,4.149,5
users.tests.apis.v2.test_carsharing_customers.TestUserInviteDetails,4.148,5
users.tests.apis.test_drivers.TestDriverNearbyApiWithWavesDispatch,4.145,5
trips.tests.apis.test_trips.TestTripSummaryAsDispatcher,4.138,5
driver_scheduling.tests.models.test_slots.TestDriverSlots,4.13,5
payments.tests.payment_providers.test_ocean_sl_api.TestOceanSLChargeCustomer,4.119,5
users.tests.third_party.test_checkr.TestMvrOverCustomer,4.104,5
services.tests.models.test_carsharing_services.TestServices,4.058,5
rentals.tests.apis.v3.test_rentals.TestRentalAPIStationsAsDispatcher,4.057,5
trips.tests.models.test_trips.TestTripModel,4.029,5
rentals.tests.apis.v3.test_scheduling.TestScheduledRentalRequestTimeBlocks,4.027,5
services.tests.apis.v2.test_services.TestCarsharingServicesAPIDispatcher,4.019,5
trips.tests.apis.test_scheduled_trip_requests.TestCustomerScheduledTripRequestCancellation,4.0,5
trips.tests.apis.test_trips.TestDispatcherActionsOnKioskTrips,3.995,5
rentals.tests.models.test_rentals.TestScheduledRentalRequestFactory,3.974,5
hardware_sdk_otakeys.tests.test_vehicle_utils.TestVehicleUpdates,3.953,5
hardware_sdk_otakeys.tests.test_rentals.RentalCoreTestCase,3.943,5
services.tests.apis.v3.test_carsharing_services.BusinessEntityServicesAPIV3TestBase,3.936,5
rentals.tests.tasks.test_rentals.TestAutoCancelRentalTask,3.917,5
users.tests.apis.v2.test_carsharing_customers.TestPINResendV2,3.899,5
trips.tests.apis.test_scheduled_trip_requests.TestScheduledTripRequestAvailability,3.848,5
calendars.tests.apis.test_calendars.CalendarsTestCase,3.803,5
payments.tests.apis.v3.test_plan.TestPlanAPI,3.793,5
rentals.tests.apis.v3.test_availability.TestServiceAvailabilityAPIForCreatingSRR,3.786,5
payments.tests.apis.test_customers_cards.TestHasValidCC,3.777,5
users.tests.apis.test_staff.TestStaffAPIViaBusinessAdmin,3.775,5
payments.tests.apis.v3.test_business_entity.TestBusinessEntityAPIAsDispatcher,3.77,5
driver_scheduling.tests.models.test_slots.TestDriverAssignment,3.745,5
driver_scheduling.tests.models.test_slots.TestScheduledTripRequestSlots,3.724,5
payments.tests.tasks.test_rental_payments.TestDebitFailedRentalPaymentsCallsPromotionEligibilityTask,3.722,5
app_logging.tests.utils.test_customer_device_context_utils.TestMFAUntrustedDeviceAndSendCode,3.719,5
trips.tests.apis.test_trips.TestTripListFilteringAsDispatcher,3.717,5
users.tests.apis.v2.test_carsharing_customers.TestCustomerCreation,3.663,5
vehicles.tests.apis.v3.test_vehicle_type_leasing_entity.TestVehicleTypeLeasingEntityAPIV3AsDispatcher,3.642,5
payments.tests.apis.test_customers_cards.TestTRMSAddCard,3.632,5
services.tests.signals.test_services.ServiceUnauthorizedVehiclesAccessTestCase,3.625,5
users.tests.apis.v3.test_carsharing_customers.TestCustomerValidatePIN,3.584,5
rentals.tests.tasks.test_scheduling.TestSRRSchedulingPaymentsFlow,3.572,5
rentals.tests.apis.v2.test_rentals.TestRentalAPIV2StationsAsDispatcher,3.545,5
hardware_sdk_otakeys.tests.test_vehicle_utils.TestAutoSwitchGPSSource,3.543,5
users.tests.utils.test_password_utils.PasswordValidatorTestCase,3.507,5
afm_integration.tests.test_afm_rule_engine_serializers.TestJobTicketSerializer,3.469,5
services.tests.apis.test_outages.OutageTestCase,3.469,5
payments.tests.utils.test_carsharing_payment_utils.TestShortTripFareCalculation,3.448,5
users.tests.apis.v3.test_carsharing_customers.TestCarsharingCustomerUpload,3.445,5
stations.tests.test_apis.StationViewSetTestAddRemoveCarsharingServicesForStaffWithLimitedAccess,3.439,5
users.tests.apis.test_customers.TestCustomerForgetAPI,3.421,5
tickets.tests.test_v2_apis.TestTicketsAPI,3.416,5
trips.tests.apis.test_scheduled_trip_requests.TestScheduledTripOptimizingRedispatchUnreadyTrips,3.415,5
payments.tests.apis.test_customers_cards.TestGetActiveCard,3.4,5
vehicles.tests.apis.v2.test_carsharing_vehicles.TestVehicleApiAsDispatcherForVehicleAceess,3.384,5
trips.tests.utils.test_dispatch_utils.TestDispatchUtils,3.37,5
vehicles.tests.apis.v3.test_carsharing_vehicles.TestVehicleAPIV3UpdateGroupsAsDispatcher,3.357,5
trips.tests.apis.test_scheduled_trip_requests.TestScheduledTripWavesRedispatchUnreadyTrips,3.342,5
phone_messaging.tests.views.test_number_masking.TestNumberMaskingAPI,3.339,5
afm_integration.tests.test_apis.TestMonOffreApis,3.337,5
users.tests.utils.test_user_utils.TestUserUtils,3.331,5
hardware_sdk_mensa.tests.apis.test_mensa_bluetooth.TestMensaBLESynthesis,3.329,5
users.tests.apis.v2.test_carsharing_customers.TestDispatcherAPIV2DriverLicenseBgChecks,3.311,5
users.tests.apis.v3.test_carsharing_customers.TestReservationSteps,3.31,5
vehicles.tests.apis.v3.test_event_reports.TestEventReportAsCustomer,3.299,5
vehicles.tests.apis.v3.test_carsharing_vehicles.TestStaffServiceBasedV3VehiclesFilteringForSystemAdmins,3.287,5
hardware_sdk_mensa.tests.test_interface.TestGetRentalSummary,3.264,5
trips.tests.apis.test_scheduled_trip_requests.TestScheduledTripUpcomingNotifications,3.256,5
trips.tests.tasks.test_trips.TestBlockPricingReminderNotifications,3.233,5
rentals.tests.signals.test_rentals.TestRentalSignals,3.228,5
trips.tests.apis.test_scheduled_trip_requests.TestDispatcherScheduledTripRequestCancellation,3.218,5
trips.tests.models.test_scheduled_trip_requests.TestRecurringScheduledTripRequest,3.204,5
pricing_engine.tests.test_engine.TestRentalFare,3.173,5
vehicle_automation.tests.test_automation_apis.TestDTCAlertOrder,3.169,5
driver_scheduling.tests.apis.test_zones.TestZonesAPIAsDriver,3.166,5
users.tests.apis.v2.test_carsharing_customers.TestCustomerUUIDField,3.166,5
phone_messaging.tests.models.test_sip_trunking.SipTrunkingTestCase,3.155,5
services.tests.models.test_service_periods.TestServicePeriod,3.137,5
vehicle_automation.tests.test_automation_alert_to_job.TestCreateJobWithHigherLevelAlert,3.102,5
payments.tests.commands.test_update_stripe_default_card.TestUpdateStripeDefaultCard,3.099,5
services.tests.apis.v2.test_services.TestCarsharingServicesAPIAsServiceManagerInOtherService,3.075,5
users.tests.apis.test_dispatch_permissions.TestDispatcherViewPermissions,3.062,5
payments.tests.utils.test_carsharing_payment_utils.TestScheduledRentalRequestPaymentLifecycleStateChangeEventsToDataPipeline,3.049,5
users.tests.tasks.test_auto_classify.TestAutoClassifyTask,3.044,5
services.tests.apis.v3.test_services.TestRidesharingServicesAPIV3AsDispatcherAccessRestrictions,3.036,5
vehicle_blocks.tests.test_first_available_slot.TestGetVehicleBlockAPI,3.036,5
rider_web.tests.test_web_rider_app.WebRiderAppTestCase,3.025,5
django_utils.tests.apis.test_translation.DRFTranslationTestCase,3.014,5
users.tests.utils.test_customer_utils.TestImportCSV,3.003,5
users.tests.apis.v3.test_customers.TestCustomerAssociateBusinessEntityAPIFromBusinessAdmin,3.002,5
vehicles.tests.apis.v2.test_carsharing_vehicles.TestVehicleAPIUpdateGroupsAsDispatcher,2.989,5
vehicle_blocks.tests.test_vehicle_blocks.TestCreateVehicleBlockAPI,2.975,5
rentals.tests.apis.v3.test_scheduling.TestSRDateTimeAPIPeriodContiguousWeekEndBreak,2.956,5
vehicle_automation.tests.utils.test_transactional_alerts_jobs_automation.TestTransactionalRuleVehicleNotCleanedXDays,2.946,5
trips.tests.apis.test_scheduled_trip_requests.TestCustomerScheduledTripAPI,2.929,5
hardware_sdk_invers.tests.test_vehicle_register_deregister.TestInversVehicleRegisterDeregister,2.927,5
locations.tests.apis.test_locations.TestLocationsAPI,2.913,5
trips.tests.models.test_trips.TripTestCase,2.885,5
rentals.tests.apis.v3.test_scheduling.TestSRDateTimeAPIPeriodNotContiguousMidDayBreak,2.883,5
driver_scheduling.tests.apis.test_slots.TestAssignmentsAsDriver,2.876,5
ops_center.tests.apis.v3.test_service_prefences.TestOpsCenterServicePreferences,2.866,5
users.tests.apis.test_customers.TestDownloadCustomerData,2.849,5
trips.tests.serializers.test_trips.TestTripTaskSerializer,2.844,5
vehicles.tests.apis.v3.test_carsharing_vehicle_fuel_cards.TestCarsharingVehicleFuelCardsAPIV3,2.837,5
users.tests.apis.v2.test_supplier_companies.SupplierCompanyAPITestCase,2.829,5
users.tests.third_party.test_jumio.TestJumioAcceptedStatusChangeByCallback,2.827,5
vehicles.tests.apis.v2.test_carsharing_vehicles.VehiclesAPITestCase,2.827,5
payments.tests.apis.v3.test_apis.TestV3PaymentProcessorAuthToken,2.81,5
users.tests.apis.v3.test_carsharing_customers.TestIdentityVerificationV3,2.793,5
rentals.tests.apis.v3.test_availability.TestServiceAvailabilityAPIForModifyingSRR,2.792,5
tickets.tests.test_v2_apis.TestTicketAPI,2.791,5
vehicle_markers.tests.test_apis.TestVehicleMarkerTypeAPIAsDispatcher,2.786,5
users.tests.apis.test_radio_stations.TestRadioStationAsCustomer,2.779,5
hardware_sdk_mensa.tests.test_webhooks.TestMensaSynthesisStripData,2.771,5
vehicles.tests.models.test_carsharing_vehicles_2.TestCarsharingVehiclesInServiceUpdateFirebase,2.768,5
users.tests.apis.test_customer_signup.TestCustomerSignup,2.765,5
users.tests.apis.test_customers.TestCustomersUserGroupsFilter,2.761,5
payments.tests.apis.v3.test_addon.TestAddonTypeAPI,2.756,5
payments.tests.apis.v3.test_addon.TestAddonAssociationAPI,2.749,5
data_pipeline.tests.utils.test_timestamp_resolution.TimestampResolutionTest,2.739,5
hardware_sdk_otakeys.tests.test_webhooks.TestRFIDPushViews,2.733,5
services.tests.apis.test_services.TestDefaultRadioStation,2.723,5
users.tests.third_party.test_digisure.TestDigisureMvrOverCustomer,2.718,5
service_regions.tests.test_serviceregions.TestServiceAreaMultiService,2.695,5
rest_utils.tests.test_authentication.TestMFAVerifyAPI,2.684,5
hardware_sdk_otakeys.tests.test_webhooks.TestSynthesisPushView,2.675,5
vehicles.tests.signals.test_carsharing_vehicles.TestVehicleSignals,2.675,5
users.tests.third_party.test_jumio.TestJumioDeclinedStatusChangeByCallback,2.664,5
services.tests.apis.test_services.TestServiceWithMarketInformationAdded,2.65,5
stations.tests.test_validations.TestCalculations,2.635,5
users.tests.apis.v2.test_carsharing_customers.TestCustomerAPIV2OrderRFIDCard,2.631,5
hardware_sdk_mensa.tests.apis.test_parameters_cache.TestMensaDeviceParametersCacheViewSet,2.623,5
payments.tests.utils.test_carsharing_payment_utils.TestScheduledRentalRequestsPaymentUtilsCreateUpdatePayment,2.612,5
trips.tests.models.test_scheduled_trip_requests.TestScheduledTripRequestActions,2.605,5
hardware_sdk_otakeys.tests.test_rentals.RentalCreationTestCase,2.595,5
hardware_sdk_mensa.tests.test_webhooks.TestMensaGetKeys,2.59,5
users.tests.apis.v2.test_carsharing_customers.TestCustomer,2.586,5
vehicle_automation.tests.test_automation_apis.AutomationTypesAPITestCase,2.586,5
ops_center.tests.views.test_dispatch_ui.TestVehiclePicView,2.585,5
users.tests.apis.test_password_validation.APIPasswordValidationTestCase,2.577,5
users.tests.apis.test_carsharing_customers.TestCustomerEditAsDispatcher,2.572,5
driver_scheduling.tests.models.test_zones.TestZoneModel,2.569,5
users.tests.signals.test_charge_registration_fee.TestServiceRegistrationSignals,2.564,5
payments.tests.payment_providers.test_braintree_api.TestBrainTreeSubscription,2.531,5
services.tests.apis.v2.test_configurations.TestConfigurationEditingAsAdmin,2.519,5
payments.tests.utils.test_carsharing_payment_utils.TestBuildPaymentDisplay,2.51,5
promotions.tests.apis.test_credits.CreditBalanceAPITest,2.481,5
ops_center.tests.views.test_live_trip_map.TestLiveMapIsServiceAware,2.467,5
trips.tests.apis.test_trips.TestTripSharing,2.464,5
users.tests.signals.test_registration.TestRegistrationComplete,2.462,5
rentals.tests.apis.v3.test_scheduling.TestSRDateTimeAPIPeriodThroughWeekNonContiguousMidDayBreak,2.456,5
users.tests.apis.test_dispatch_permissions.TestIsDispatcherIPAlertWhitelist,2.455,5
vehicles.tests.apis.v2.test_carsharing_vehicles.VehicleUpdateV2APITestCase,2.455,5
vehicle_blocks.tests.test_vehicle_blocks.TestCreateVehicleBlockAPIAsWorker,2.445,5
trips.tests.models.test_trips.TestTripRatingsAsCustomer,2.435,5
uber_integration.tests.test_rental_events_triggering.RentalEventsTest,2.418,5
payments.tests.signals.test_credit_cards.TestCreditCardSignals,2.413,5
rentals.tests.apis.v3.test_scheduling.TestSRDateTimeAPIPeriodTwoPeriodsNonContiguousMidDayBreak,2.408,5
users.tests.apis.v2.test_carsharing_customers.TestCustomerIdentityVerification,2.397,5
websockets.tests.apis.test_scheduling.ScheduledRentalRequestTestCustomer,2.395,5
app_logging.tests.apis.test_customer_device_context.TestCustomersDeviceContextAPI,2.389,5
users.tests.apis.test_customer_user_groups.TestCustomerUserGroupAPIAsCustomer,2.371,5
services.tests.apis.test_services.TestServicesAPIForAccessRestrictionsAsDispatcher,2.356,5
driver_scheduling.tests.apis.test_slots.TestSlotsAPIAsSupplierManager,2.349,5
hardware_sdk_mensa.tests.test_mensa_action_status.TestMensaActionStatus,2.349,5
users.tests.apis.v3.test_customers.TestMarketingManagerPermissionsWithExcel,2.347,5
rentals.tests.utils.test_core_rental_flow.TestEndRentalFlow,2.343,5
rider_ivrs.tests.views.test_patch_thru_numbers.TestServicePatchThruNumbers,2.335,5
users.tests.apis.test_whitelisted_ip.TestCountryWhitelist,2.32,5
payments.tests.payment_providers.test_paytm_api.TestPayTMValidation,2.312,5
rentals.tests.apis.v3.test_addon_availability.TestAddonAvailabilityWithAddonPrice,2.305,5
payments_engine.tests.test_paytm_apis.TestPayTMValidation,2.291,5
payments.tests.tasks.test_payments.TestChargeRegistrationFee,2.291,5
services.tests.apis.test_outages.TestServiceOutage,2.283,5
vehicles.tests.utils.test_telematics.TestProcessTelematicsUpdate,2.283,5
vehicle_blocks.tests.test_first_available_slot.TestGetVehicleBlockAPIAsWorker,2.272,5
rentals.tests.apis.v3.test_rentals.TestRentalAPIStations,2.266,5
trips.tests.apis.test_create_trip.TestTripCreationAsComboDispatcherRider,2.266,5
uber_integration.tests.test_rentals_api.UberRentalApiTest,2.263,5
hardware_sdk_mensa.tests.test_interface.TestMensaInterface,2.256,5
hardware_sdk_geotab.tests.test_vendor_tasks.TestGeotabStripData,2.254,5
trips.tests.models.test_scheduled_trip_requests.TestScheduledTripRequestCancellation,2.248,5
payments.tests.utils.test_carsharing_payment_utils.TestCalculateShortTripFareCallsWhenPricingSnapshotDisabled,2.248,5
django_utils.tests.apis.test_documentation.TestSwaggerRendering,2.235,5
payments.tests.payment_providers.test_paytm_api.TestPayTMAuthentication,2.232,5
users.tests.signals.test_charge_registration_fee.TestCustomerSignals,2.224,5
payments.tests.utils.test_carsharing_payment_utils.TestBlockDiscountPricing,2.218,5
promotions.tests.utils.test_eligibility_utils.TestEligibilityUtils,2.213,5
users.tests.apis.test_drivers.DriverStateTestCase,2.21,5
payments.tests.utils.test_carsharing_payment_utils.TestCreateOrUpdatePaymentCallsPromotionEligibilityTask,2.207,5
promotions.tests.apis.test_coupons.TestCouponAPIs,2.204,5
promotions.tests.models.test_credits.TestCouponsUsedCreationDict,2.201,5
rentals.tests.apis.v3.test_scheduling.TestSRDateTimeAPIPeriodContiguousMidWeekBreak,2.188,5
users.tests.apis.v2.test_carsharing_customers.TestCustomerAPIMailingAddressGeocodeDisable,2.169,5
maps.tests.utils.test_travel_durations.TestGetTravelDurations,2.166,5
trips.tests.apis.test_scheduled_trip_requests.TestDriverManagerScheduledTripRequestList,2.165,5
hardware_sdk_geotab.tests.test_vendor_tasks.TestBasicTelematicsUpdates,2.157,5
users.tests.utils.test_notifications.PasswordResetBusinessAdminTestCase,2.156,5
vehicles.tests.apis.v3.test_hw_statuses.TestHwStatusesViewSet,2.149,5
django_utils.tests.utils.test_middleware.MiddlewareTests,2.136,5
django_utils.tests.utils.test_cache_utils.TestCacheLock,2.131,5
hardware.tests.hal.test_integration.TestMensaPrivateMode,2.12,5
trips.tests.models.test_scheduled_trip_requests.TestScheduledTripRequestSlots,2.12,5
manual_identity_verification.tests.api.test_identity_profile.TestIdentityProfileAsCustomer,2.116,5
promotions.tests.apis.test_promotions.TestEditingPromotionServices,2.112,5
vehicles.tests.apis.v3.test_carsharing_vehicles.TestVehiclesAsSupplierManagerForSpecialVehicleAPI,2.104,5
users.tests.commands.test_delete_carsharing_creditcards.TestDeleteCarsharingCreditCardsCommand,2.089,5
payments_engine.tests.test_paytm_apis.TestPayTMAuthentication,2.088,5
pricing_engine.tests.test_engine.TestTollsPricing,2.077,5
payments.tests.serializers.test_payment_items.PaymentItemSchemaTests,2.077,5
rentals.tests.apis.v3.test_scheduling.TestSRDateTimeAPIPeriodContiguousMidDayBreak,2.076,5
promotions.tests.serializers.test_payload_validation.UserListValidationTest,2.069,5
services.tests.apis.test_services.TestServicesAPIForAccessRestrictionsAsServiceManager,2.064,5
rentals.tests.models.test_rentals.TestScheduledRentalRequestsFallbackAssignment,2.064,5
hardware_sdk_continental.tests.test_vehicle_register_deregister.TestContinentalVehicleRegisterDeregister,2.051,5
users.tests.apis.test_customers.TestDispatcherFilterCustomers,2.025,5
service_regions.tests.test_operatingregions.TestV3RegistrationRegionAPI,2.019,5
manual_identity_verification.tests.api.test_identity_profile.TestIdentityProfileAsDispatcher,2.015,5
rentals.tests.apis.v3.test_vehicle_leasing.TestSRRVehicleLeasingV3API,2.014,5
rentals.tests.apis.v3.test_scheduling.TestScheduledRentalRequestEndTimeUpdateAsCustomer,1.993,5
users.tests.tasks.test_carsharing_customers.TestCustomerTasks,1.991,5
stations.tests.test_apis.StationViewSetTestAddRemoveCarsharingServices,1.985,5
manual_identity_verification.tests.api.test_document_specification.TestDocumentSpecificationAsDispatcher,1.984,5
users.tests.apis.test_customer_user_groups.TestCustomerUserGroupAPIAsDispatcher,1.976,5
vehicle_lifecycle.tests.test_apis.LifeCycleStepsAPITestCase,1.976,5
payments_engine.tests.test_trips_by_payment_mode.TestTripDebit,1.969,5
services.tests.apis.v2.test_services.TestCarsharingServicesAPIAsDispatcherInOtherService,1.961,5
locations.tests.serializers.test_locations.TestLocationValidation,1.956,5
afm_integration.tests.test_signals.TestTicketFullyCreatedHandler,1.948,5
payments.tests.models.test_rental_payments.TestCarsharingPricing,1.941,5
users.tests.apis.test_customers.TestCustomersAPIDispatcherAndCustomer,1.941,5
payments.tests.apis.v3.test_business_entity.TestBusinessEntityAPIViaBusinessAdmin,1.94,5
users.tests.tasks.test_user_timed_password_reset.TestTimedPasswordResetTasks,1.938,5
pipelines.tests.utils.test_kafka_consumer_callbacks.JobUpdateTests,1.935,5
payments.tests.utils.test_create_trip_payment.TestTripUsePromos,1.934,5
trips.tests.apis.test_create_trip.TestTripCreationExclusiveService,1.93,5
payments.tests.tasks.test_rental_payments.TestDebitFailedRentalPaymentsSendsScheduledRentalPaymentEventsToDataPipeline,1.926,5
rest_utils.tests.test_authentication.TestMFAResendAPI,1.907,5
rentals.tests.apis.v2.test_rentals.TestRentalAPIV2Stations,1.902,5
ops_center.tests.analytics.test_carsharing_reports.TestRentalReport,1.885,5
ops_center.tests.analytics.test_reports.TestTripReportsAPIAsManager,1.861,5
vehicle_lifecycle.tests.test_state_initialization.TestInitStateUsingVehicleVendorRecords,1.843,5
rentals.tests.serializers.test_scheduled_rentals_requests.TestScheduledRentalRequestUserGroupExemption,1.825,5
services.tests.apis.v3.test_carsharing_services.TestCarsharingServicesAPIV3Anonymous,1.824,5
driver_scheduling.tests.apis.test_slots.TestScheduledTripRequestSlotsAPIAsSupplierManager,1.816,5
services.tests.apis.v3.test_services.TestRidesharingServicesAPIV3AsServiceManagerAccessRestrictions,1.815,5
users.tests.apis.v2.test_carsharing_customers.TestProfileCommentsAsDispatch,1.809,5
vehicles.tests.apis.test_carsharing_vehicles.TestVehicleUpdate,1.798,5
vehicle_conditions.tests.apis.test_vehicle_condition.TestVehicleConditionApiAsDispatcher,1.794,5
driver_scheduling.tests.apis.test_slots.TestAssignmentsAsSupplierManager,1.792,5
services.tests.apis.v2.test_services.TestCarsharingServicesAPICustomer,1.792,5
manual_identity_verification.tests.api.test_identity_profile.TestCompleteSubmission,1.787,5
rentals.tests.apis.v3.test_addon_availability.TestAddonAvailability,1.787,5
services.tests.apis.v3.test_carsharing_services.MultipurposeCriteriaAPIV3TestBase,1.783,5
users.tests.utils.test_password_utils.TestPasswordHistoryValidation,1.782,5
hardware_sdk_mensa.tests.test_webhooks.TestMensaValidateEndRental,1.781,5
payments.tests.tasks.test_rental_payments.TestHoldFailedScheduledRentalRequestPaymentsSendsScheduledRentalPaymentEventsToDataPipeline,1.779,5
rentals.tests.apis.v3.test_availability.TestVehicleTypePricingAvailability,1.755,5
users.tests.apis.test_customers.TestIdentityAPIAsSupplierManager,1.755,5
users.tests.apis.test_carsharing_customers.TestCustomerRegistration,1.752,5
vehicles.tests.apis.v3.test_vehicle_type_leasing_entity.TestVehicleTypeLeasingEntityAPIV3,1.739,5
scripts.requirements.test_requirements.TestRequirementDependencies,1.727,5
users.tests.apis.v2.test_carsharing_customers.TestCustomerRegistrationCurrency,1.714,5
fleet_rentals.tests.apis.test_fleet_rentals.TestV3FleetRentalsAsCustomer,1.702,5
payments.tests.utils.test_carsharing_payment_utils.TestCarsharingPaymentAuth,1.7,5
rentals.tests.tasks.test_scheduling.TestSchedulingTasksNoShow,1.7,5
manual_identity_verification.tests.models.test_identity_profile.TestIdentityProfileSendsEmail,1.699,5
payments.tests.utils.test_payment_utils.TestTipPaymentTestCase,1.682,5
rest_utils.tests.test_serializers.TestSerializers,1.678,5
users.tests.tasks.test_fraud_prevention.TestBlockIdentifierTasks,1.678,5
vehicle_automation.tests.utils.test_automation_utils.AutomationUtilsTests,1.654,5
vehicle_automation.tests.test_automations.TestAutomationAlert,1.65,5
vehicle_conditions.tests.apis.test_vehicle_condition.TestVehicleConditionApiAsAFMClient,1.637,5
rentals.tests.apis.v3.test_pricing.TestScheduledRentalPricingEstimateAPI,1.636,5
trips.tests.apis.test_scheduled_trip_requests.TestDriverManagerScheduledTripRequestClaim,1.634,5
damages.tests.tasks.test_damages.TestDamageTasks,1.629,5
documents.tests.apis.test_document.TestDocumentGroupAPI,1.607,5
vehicles.tests.models.test_carsharing_vehicles_2.TestCarsharingVehicleModel,1.604,5
vehicle_lifecycle.tests.test_apis.LifeCycleAPITestCaseAsSuperUser,1.602,5
locations.tests.apis.v3.test_locations.TestLocationAPIAsCustomer,1.601,5
users.tests.signals.test_charge_registration_fee.TestChargeRegistrationFee,1.595,5
phone_messaging.tests.utils.test_send_sms.TestSimpleMessageRouting,1.594,5
data_pipeline.tests.models.test_data_pipeline.TestCouponActivationAndUsageToDataPipeline,1.588,5
services.tests.tasks.test_carsharing_services.TestCarsharingServiceDataPipelineTask,1.588,5
payments.tests.models.test_rental_payments.TestRentalEnded,1.579,5
trips.tests.apis.test_scheduled_trip_requests.TestScheduledTripStatusFilter,1.579,5
payments.tests.tasks.test_payments.TestDebitTripCallsPromotionEligibilityTask,1.577,5
trips.tests.apis.test_dispatch_trip.TripAndTripTaskAPITestCase,1.576,5
driver_scheduling.tests.apis.test_neighborhoods.TestNeighborhoodsAPI,1.574,5
rider_web.tests.test_app_views.TestAppViews,1.574,5
rentals.tests.utils.test_carsharing_validation_utils.CarsharingBusinessRentalDeferredPaymentTestCase,1.566,5
trips.tests.apis.test_scheduled_trip_requests.TestSupplierManagerScheduledTripRequestClaim,1.565,5
hardware_sdk_continental.tests.test_client_session.TestClientSessionAPI,1.56,5
services.tests.apis.v3.test_carsharing_services.CarsharingServicesAPIV3TestBase,1.56,5
hardware_sdk_mensa.tests.apis.test_mensa_bluetooth.TestRegisterMensaMobileDeviceViewSet,1.546,5
vehicles.tests.utils.test_vehicle_csv_import.TestCSVImport,1.543,5
promotions.tests.serializers.test_pseudo_credits.PseudoCreditsTest,1.539,5
locations.tests.utils.test_favorite_locations.TestFavoriteLocations,1.511,5
data_pipeline.tests.models.test_data_pipeline.TestDataPipelineCustomerCreateUpdateEvents,1.508,5
rentals.tests.apis.v3.test_pricing.TestRentalsVehicleTypePricingCriteria,1.5,5
users.tests.third_party.test_digisure.TestDigisureWebhookHandler,1.499,5
users.tests.models.test_customer_history_2.TestCustomerHistoryManager,1.477,5
vehicle_cameras.tests.test_serializers.TestForgottenObjectsReportsV1,1.467,5
rest_utils.tests.test_paginator.TestV3StandardPagination,1.464,5
app_logging.tests.apis.test_app_opens.TestAppOpens,1.463,5
vehicles.tests.apis.test_vehicle_types.TestVehicleTypeAsDispatcher,1.463,5
users.tests.commands.test_carsharing_customers_sync_rfid_card_ordered.TestSyncRfidCardOrderedCommand,1.461,5
payments.tests.tasks.test_rental_payments.TestPaymentTasks,1.455,5
payments.tests.utils.test_carsharing_payment_utils.TestFindPaymentToRefund,1.45,5
vehicle_lifecycle.tests.test_lifecycle_utils.TestVehicleLifeCycleTransition,1.447,5
rentals.tests.apis.v3.test_scheduling.TestScheduledRentalsValetSupplierPermissions,1.446,5
app_logging.tests.apis.test_customer_device_context.TestCustomersDeviceContextAPIAsDispatcher,1.443,5
tickets.tests.test_v2_apis.TestTicketAPIAsServiceManager,1.434,5
users.tests.utils.test_user_utils.TestServicesForUser,1.432,5
vehicles.tests.apis.v3.test_carsharing_vehicles.TestSupplierVehiclesAPISerializer,1.426,5
hardware_sdk_geotab.tests.test_fault_data_tasks.TestFetchGo9FaultData,1.42,5
hardware_sdk_geotab.tests.test_auto_end_rental.TestAutoEndRental,1.401,5
vehicles.tests.apis.v3.test_carsharing_vehicles.TestVehiclesAsDispatcherSpecialVehicleAPI,1.396,5
damages.tests.apis.test_damage_report_apis.TestDamageRulesAPI,1.395,5
payments.tests.apis.v3.test_subscription.TestBraintreeSubscriptionAPIAsDispatcher,1.388,5
services.tests.apis.v3.test_services.TestServiceVisibilityForAnon,1.387,5
rentals.tests.apis.v3.test_availability.TestStationAvailabilityAPIForModifyingSRR,1.386,5
vehicle_conditions.tests.apis.test_vehicle_condition.TestVehicleConditionImageUploadAndDeleteAsDispatcher,1.382,5
situation_engine.tests.apis.test_apis.TestEngineAPIs,1.363,5
django_utils.tests.utils.test_email_utils.EmailValidationTest,1.358,5
users.tests.apis.v2.test_carsharing_customers.TestCustomerAPIV2DeleteCreditCard,1.358,5
users.tests.utils.test_user_utils.TestUserEmail,1.352,5
payments.tests.utils.test_carsharing_payment_utils.TestVehicleTypePricing,1.346,5
vehicle_lifecycle.tests.test_vehicle_state_sync_api.TestVehicleStateSyncKickOff,1.346,5
payments.tests.payment_providers.test_stripe_api.TestStripeSubscription,1.343,5
users.tests.apis.test_customers.TestCustomerFinalizeRegistration,1.342,5
trips.tests.apis.test_etas.TestPreRequestETA,1.339,5
locations.tests.apis.test_locations.TestGeofenceAsDispatcher,1.33,5
users.tests.third_party.test_jumio.TestJumioUnsubmittedStatusChangeByCallback,1.324,5
users.tests.apis.test_customers.TestIdentityAPIAsCustomer,1.322,5
users.tests.apis.v3.test_notifications.TestNotificationsAPIAsDispatcher,1.316,5
trips.tests.models.test_scheduled_trip_requests.TestScheduledTripRequestUserGroupExemption,1.315,5
vehicle_cameras.tests.test_apis.TestOpsCenterForgottenObjectsReportsViewSet,1.308,5
hardware_sdk_continental.tests.test_telematics_processing.TestSynthesisProcessing,1.302,5
payments.tests.tasks.test_rental_payments.TestUpdateHoldPaymentDescription,1.3,5
vehicle_cameras.tests.test_apis.TestOpsCenterDashcamReportsViewSet,1.295,5
vehicles.tests.apis.v2.test_carsharing_vehicles.TestDiscoverVehicleAPIAsCustomer,1.271,5
phone_messaging.tests.views.test_number_masking.TestSipTrunkingAPI,1.261,5
payments.tests.tasks.test_payments.TestSendRefundEmailReceiptData,1.261,5
trips.tests.serializers.test_trips.TestPreserveDispatcherInfo,1.261,5
uber_integration.tests.test_document_upload_api.UberVehicleDocumentUploadApiTest,1.26,5
services.tests.apis.v3.test_services.TestServiceActivePricingOperations,1.247,5
services.tests.utils.test_system_stat_utils.GetSystemStatusTestCase,1.243,5
vehicle_conditions.tests.apis.test_vehicle_condition.TestVehicleConditionsInfoApiAsCustomer,1.241,5
users.tests.apis.test_eligibility.TestCustomersEligibility,1.23,5
hardware.tests.hal.test_hardware_apis.TestHardwareAPI,1.213,5
vehicle_automation.tests.test_automation_apis.TestAutomationAlertsServiceManagerAPITestCase,1.21,5
promotions.tests.utils.test_promotion_eligibility_processors.TakeMTripsGetNCreditsProcessorTest,1.208,5
services.tests.utils.test_system_stat_utils.GetServiceStatusTestCase,1.204,5
vehicles.tests.apis.v3.test_vehicles.TestVehicleTagAPI,1.196,5
vehicle_lifecycle.tests.test_state_initialization.TestStateInitialization,1.195,5
trips.tests.models.test_trips.TestUnAssignableTripAfterDriverArrivedAt,1.193,5
services.tests.apis.test_services.CosmeticsInServicesAPITestCase,1.19,5
pipelines.tests.utils.test_kafka_consumer_callbacks.ServiceSyncTests,1.181,5
trips.tests.models.test_scheduled_trip_requests.TestScheduledTripRequestAutoCancellation,1.179,5
vehicle_automation.tests.utils.test_transactional_alerts_jobs_automation.TestTransactionalRuleVehicleInMultipleServices,1.176,5
payments.tests.models.test_rental_payments.TestCarsharingPaymentProperties,1.174,5
service_regions.tests.test_operatingregions.TestV3RegistrationRegionAPIAsServiceManager,1.171,5
vehicles.tests.apis.v3.test_carsharing_vehicles.TestStaffServiceBasedV3VehiclesFilteringForStaff,1.168,5
vehicles.tests.apis.test_vehicle_apis.VehiclesAPITestCaseAsServiceManager,1.165,5
users.tests.apis.test_remote_user_header_middleware.TestRemoteUser,1.15,5
stations.tests.test_validations.TestStationsValidations,1.149,5
payments.tests.apis.v3.test_plan.TestPlanAPIAsCustomer,1.146,5
users.tests.apis.test_drivers.TestDriverQuerySetFiltering,1.14,5
vehicle_conditions.tests.apis.test_vehicle_condition.TestVehicleConditionsApiAsCustomer,1.14,5
payments.tests.apis.v3.test_membership.TestMembershipAPIAsCustomer,1.134,5
vehicle_lifecycle.tests.test_models.TestVehicleLifeCycleTemplate,1.126,5
service_regions.tests.test_operatingregions.TestOperatingRegionAPI,1.125,5
vehicle_lifecycle.tests.test_apis.LifeCycleStageAPITestCaseUpdateByExternalApplication,1.111,5
django_utils.tests.utils.test_messaging_utils.TestTemplatedMessageRouting,1.11,5
services.tests.utils.test_system_stat_utils.IsFifoOrderingEnabledTestCase,1.107,5
hardware_sdk_mensa.tests.apis.test_parameters_cache.TestMensaVehicleViewSet,1.106,5
users.tests.models.test_carsharing_customers.TestCustomer,1.101,5
users.tests.apis.test_user_groups.TestUserGroupAPI,1.097,5
rentals.tests.tasks.test_notify_start_parked_time.TestNotifyStartParkedTime,1.086,5
websockets.tests.apis.test_notifications.NotificationsTestCaseAsCustomer,1.067,5
users.tests.apis.v2.test_carsharing_customers.TestCustomerRegistrationBlockedIdentity,1.065,5
hardware_sdk_otakeys.tests.test_rentals.OdometerJumpCalculationTestCase,1.063,5
users.tests.apis.test_customer_user_groups.TestCustomerUserGroupAPIAsManager,1.063,5
users.tests.apis.v3.test_customers.TestCustomerResendVerification,1.053,5
trips.tests.apis.test_scheduled_trip_requests.TestScheduledTripRequestAvailabilityAsDispatcher,1.05,5
django_utils.tests.utils.test_email_utils.TestUserEmail,1.042,5
vehicles.tests.apis.v3.test_carsharing_vehicles.TestCustomerProvidedLocationFeedback,1.041,5
vehicle_cameras.tests.test_media_utils.TestConvertContainer,1.039,5
payments.tests.signals.test_credit_cards.TestCreditCardSignalsSkipChargingBusinessCards,1.035,5
stations.tests.test_validations.TestStationsShapes,1.028,5
users.tests.commands.test_init_trms.TestInitTRMS,1.022,5
tickets.tests.test_v2_apis.TestTicketsAPIAsServiceManager,0.999,5
locations.tests.apis.test_kiosks.TestKioskAPIAsDispatcher,0.997,5
rentals.tests.utils.test_carsharing_validation_utils.CarsharingValidationUtilsTestCase,0.994,5
vehicle_blocks.tests.test_vehicle_blocks.TestGetVehicleBlockAPI,0.993,5
hardware_sdk_otakeys.tests.test_interface.TestGetRentalSummary,0.992,5
vehicle_automation.tests.utils.test_automation_utils.UnitConversionUtilsTests,0.989,5
promotions.tests.utils.test_activate_coupon.TestActivateCoupon,0.987,5
services.tests.apis.test_services.TestRidesharingServiceAPIForCustomer,0.985,5
payments.tests.utils.test_payment_utils.TestSendReceiptThroughCustomerio,0.985,5
users.tests.apis.v2.test_supplier_companies.TestServiceTypeAPIV2,0.98,5
users.tests.tasks.test_user_timed_password_reset.TestTimedPasswordResetNotificationTasks,0.98,5
users.tests.apis.test_customers.TestIdentityAPIV3AsCustomer,0.979,5
trips.tests.apis.test_referrals.TestBusTrackingReferralAPI,0.97,5
driver_scheduling.tests.models.test_slots.DriverSlotTestBase,0.952,5
hardware_sdk_mensa.tests.test_signals.TestVehicleSignals,0.952,5
vehicles.tests.apis.test_reporting_microservice_apis.ReportingMicroserviceAPITestCase,0.945,5
payments.tests.apis.v2.test_payments.TestPricingBlockForPricingSnapshot,0.937,5
manual_identity_verification.tests.api.test_identity_profile.TestIdentityProfileAsDispatcherAndCustomer,0.93,5
services.tests.apis.v3.test_markets.TestMarketAPIListFilteringByServiceId,0.924,5
payments.tests.payment_providers.test_stripe_api.TestProcessChargeWithTransactionRiskEnabled,0.919,5
users.tests.apis.v2.test_carsharing_customers.TestCustomerCreationV2AsADispatcher,0.914,5
phone_messaging.tests.tasks.test_sip_endpoints.TestSipEndpoints,0.911,5
hardware.tests.hal.test_utils.TestIntegrationUtils,0.906,5
rest_utils.tests.test_authentication.TestAuthenticationWithExpiredPassword,0.902,5
rentals.tests.apis.v3.test_pricing.TestCarsharingServicesPricingPackagesAPIV3AsDispatcher,0.9,5
users.tests.apis.test_customers.TestCustomersAPIManager,0.898,5
hardware_sdk_geotab.tests.test_offline_tags_storage_tasks.TestOfflineTagsOperations,0.897,5
users.tests.apis.v2.test_supplier_companies.TestServiceTypeAPIV2AsDispatcher,0.895,5
payments.tests.payment_providers.test_braintree_api.TestBraintreeAPI,0.889,5
services.tests.serializers.test_services_serializers.TestOptimizedServiceSerializer,0.883,5
users.tests.apis.test_customers.TestCustomersAPIDispatch,0.868,5
vehicles.tests.apis.test_vehicle_stats.CarsharingVehiclesAPITest,0.868,5
trips.tests.utils.test_notifications.NotificationTestCase,0.866,5
users.tests.models.test_customers.CustomerTestCase,0.854,5
driver_scheduling.tests.models.test_slots.ScheduledTripRequestSlotTestBase,0.852,5
stations.tests.test_apis.StationViewSetTestTokenAPIs,0.847,5
payments.tests.utils.test_carsharing_payment_utils.TestRefundingCreditsAndCC,0.845,5
services.tests.utils.test_unit_utils.DistanceUnitTests,0.833,5
django_utils.tests.apis.test_utils.TestGitInfoAPI,0.826,5
websockets.tests.apis.test_bindings.PostBindingFilterGroupNameTest,0.824,5
users.tests.signals.test_carsharing_customers.TestCustomerSignals,0.821,5
payments.tests.apis.test_customers_cards.TestAddInvalidCardToCards,0.821,5
vehicles.tests.tasks.test_carsharing_vehicles.DataPipelineVehicleUpdateEventTestCase,0.82,5
payments.tests.models.test_payments.TestCurrencyDisplay,0.819,5
vehicles.tests.apis.v3.test_carsharing_vehicles.TestSupplierVehiclesAPIWithManagerAccess,0.819,5
payments.tests.apis.test_customers_cards.TestGetCards,0.797,5
services.tests.apis.v2.test_settings_api.TestRidesharingPricing,0.797,5
promotions.tests.models.test_credits.CreditBalanceModelTestCase,0.795,5
vehicles.tests.models.test_carsharing_vehicles_2.TestCarsharingVehicleIsAvailableAnnotation,0.793,5
trips.tests.apis.test_create_trip.TestCreateKioskTrip,0.788,5
users.tests.models.test_customer_history_2.TestCustomerHistoryFromVehicles,0.782,5
vehicles.tests.utils.test_bulk_import_vehicles.TestBulkImportWithHWRegistration,0.782,5
payments.tests.apis.v3.test_apis.TestV3PaymentSerializer,0.781,5
vehicle_lifecycle.tests.test_lifecycle_utils.TestLifeCycleUtils,0.77,5
rentals.tests.utils.test_carsharing_validation_utils.CarsharingSkipChargingBusinessCardValidationTestCase,0.767,5
users.tests.apis.test_dispatcher_permissions.TestIsDispatcherPermissions,0.765,5
users.tests.apis.test_driver_managers.DriverAPIsAsDriverManagerTestCase,0.765,5
users.tests.tasks.test_drivers.TestDriverTasks,0.758,5
pricing_engine.tests.test_engine.TestVehiclePricingWithBlocks,0.756,5
users.tests.utils.test_notifications.PasswordResetTestCase,0.755,5
hardware_sdk_mensa.tests.test_mensa_tasks.TestAutoSMSSendToMensaVehicle,0.751,5
summon_platform.tests.test_json_logger.TestJsonLogger,0.75,5
services.tests.apis.test_services.TestServices,0.748,5
phone_messaging.tests.tasks.test_sms.SMSSendTestCase,0.744,5
users.tests.apis.v2.test_supplier_companies.TestServiceTypeAPIV2AsCustomer,0.743,5
pricing_engine.tests.test_engine.TestMultiplePricingRulesWithBlocks,0.736,5
payments.tests.utils.test_payment_utils.TestPaymentAuth,0.735,5
services.tests.apis.v3.test_markets.TestMarketAPIFiltering,0.732,5
vehicle_automation.tests.test_automation_alert_to_job.TestCancelJobForClosedAlert,0.728,5
firebase.tests.test_push_notifications.TestFCMNotifications,0.727,5
users.tests.signals.test_carsharing_customers.TestCustomerHistorySignals,0.721,5
payments.tests.utils.test_payment_utils.TestMultiTripAwardRefund,0.711,5
services.tests.signals.test_services.ServiceRegionSignalsTestCase,0.71,5
django_utils.tests.utils.test_middleware.LocaleMiddlewareTestCase,0.706,5
afm_integration.tests.test_afm_rule_engine_integration.AFMRuleEngineClientActionsTests,0.702,5
payments.tests.apis.v3.test_subscription.TestStripeSubscriptionAPIAsDispatcher,0.7,5
trips.tests.serializers.test_trips.TripSerializerTestCase,0.698,5
payments.tests.models.test_payments.TestVersionModels,0.694,5
services.tests.api.v3.test_support_phone_numbers.TestSupportPhoneNumbersAPIv3,0.69,5
calendars.tests.models.test_period_queryset.PeriodSoftDeleteTests,0.678,5
users.tests.third_party.test_checkr.TestCheckrVerification,0.672,5
vehicle_automation.tests.test_automations.TestAutomationSettingItem,0.67,5
locations.tests.utils.test_locations.TestCreateLocationsFromKML,0.669,5
vehicles.tests.apis.v3.test_carsharing_vehicles.TestSupplierVehiclesAPIWithoutAccess,0.666,5
vehicles.tests.apis.v3.test_registered_hw_devices.TestAsAdmin,0.653,5
pricing_engine.tests.test_engine.TestDistanceTravelledLessThanPricingWithBlocks,0.65,5
trips.tests.apis.test_scheduled_trip_requests.TestDriverManagerScheduledTripRequestConfirm,0.643,5
pricing_engine.tests.test_engine.TestSetPricingWithBlocks,0.633,5
service_regions.tests.test_signals.ServiceRegionSignalsTestCase,0.633,5
vehicle_blocks.tests.test_vehicle_blocks.TestGetVehicleBlockAPIAsWorker,0.629,5
users.tests.apis.test_customer_logout.TestCustomerLogout,0.626,5
afm_integration.tests.test_afm_rule_engine_integration.AFMRuleEngineClientExceptionsTests,0.625,5
facilities_integration.tests.apis.v3.test_apis.TestParkingFacility,0.623,5
users.tests.tasks.test_user_tasks.TestSendUserLoginNotification,0.622,5
users.tests.tasks.test_user_groups.RemoveCustomersFromExpiredGroupsTestCase,0.618,5
users.tests.apis.v2.test_carsharing_customers.TestCarsharingCustomerResendVerification,0.617,5
rest_utils.tests.test_authentication.TestMFAResendAPIAsDispatcher,0.613,5
users.tests.apis.test_customers.TestIdentityAPIAsDriver,0.612,5
app_logging.tests.signals.test_customer_device_context_signals.TestCustomerDeviceContextSignals,0.607,5
services.tests.apis.test_service_periods.TestServicePeriodAPIAsServiceManager,0.604,5
service_regions.tests.test_serviceregions.TestAPIAsServiceManager,0.6,5
locations.tests.apis.test_locations.TestLocationAPIAsDispatcher,0.599,5
hardware_sdk_geotab.tests.test_vendor_tasks.TestTelematicsIntegration,0.598,5
facilities_integration.tests.apis.v3.test_apis.TestFacility,0.592,5
vehicles.tests.signals.test_vehicle_groups.TestVehicleGroupValidations,0.591,5
users.tests.models.test_customer_history.TestCustomerHistory,0.59,5
vehicles.tests.apis.v3.test_carsharing_vehicles.TestVehiclesAsDifferentSupplierForSpecialVehicleAPI,0.59,5
hardware_sdk_geotab.tests.test_webhooks_serializers.TestGeotabCheckInRequestSerializer,0.587,5
locations.tests.apis.test_kiosks.TestKioskAPIAsCustomer,0.586,5
vehicles.tests.apis.v3.test_vehicle_tags.TestVehicleTagAPI,0.584,5
vehicle_conditions.tests.apis.test_vehicle_condition.TestVehicleConditionIncidentApiAsCustomer,0.583,5
locations.tests.apis.v3.test_locations.TestLocationAPIAsAnonymous,0.581,5
services.tests.serializers.test_configurations.TestRidesharingServiceSerializer,0.581,5
vehicle_automation.tests.test_automations.TestSendEmailNotifications,0.579,5
django_utils.tests.utils.test_json_logger.TestJsonLoggerWithDjangoApp,0.568,5
promotions.tests.serializers.test_service_based_access_control.TestServiceIdsValidation,0.563,5
users.tests.apis.test_customers.TestIdentityAPIAsDriverManager,0.56,5
vehicle_cameras.tests.test_serializers.TestDashcamReportsV1,0.557,5
websockets.tests.test_documentation.TestWebsocketDocs,0.556,5
hardware_sdk_mensa.tests.test_webhooks.TestMensaPushCCMParameters,0.552,5
payments.tests.apis.test_customers_cards.TestGetCardDetails,0.547,5
payments.tests.utils.test_payment_utils.TestGrantCreditRefund,0.542,5
services.tests.utils.test_tenantconfig_utils.TenantConfigUtilsTests,0.535,5
documents.tests.apis.test_document.TestDocumentAPI,0.533,5
services.tests.signals.test_services.ServiceSignalsTestCase,0.532,5
vehicles.tests.apis.v3.test_registered_hw_devices.TestAsCustomer,0.532,5
vehicle_conditions.tests.apis.test_vehicle_condition.TestVehicleConditionApiAsServiceManager,0.529,5
promotions.tests.models.test_promotions.PromotionModelTestCase,0.523,5
manual_identity_verification.tests.models.test_document.TestDocumentSpecification,0.517,5
services.tests.apis.v3.test_markets.TestMarketAPIAsAnonymous,0.517,5
hardware_sdk_otakeys.tests.test_utils.OdometerJumpingTestCase,0.507,5
ops_center.tests.analytics.test_reports.TestTripReportsSubscriptionAPIAsSystemAdmin,0.503,5
hardware_sdk_otakeys.tests.test_utils.TestProcessTelematics,0.502,5
test_utils.test_doctests.DocTests,0.499,5
vehicles.tests.apis.v3.test_registered_hw_devices.TestAsDispatcher,0.497,5
promotions.tests.serializers.test_service_based_access_control.TestPromotionsEditAccessForStaff,0.496,5
services.tests.tasks.test_services.ServiceTasksTestCase,0.495,5
hardware_sdk_mensa.tests.utils.test_synthesis.TestMensaSynthesis,0.495,5
users.tests.apis.v2.test_supplier_companies.SupplierCompanyAPITestCaseAsDispatcher,0.494,5
hardware_sdk_mensa.tests.test_webhooks.TestMensaPushEnvironmentChanged,0.492,5
users.tests.apis.v3.test_carsharing_customers.TestCustomerHistory,0.49,5
locations.tests.apis.test_aliases.TestAliases,0.489,5
trips.tests.models.test_scheduled_trip_requests.TestScheduledTripRequestsPaymentUtils,0.488,5
services.tests.models.test_markets.MarketTestCase,0.487,5
services.tests.models.test_outages.TestOverloadEventManager,0.486,5
payments.tests.tasks.test_payments.TestCustomerCreditCardActivity,0.481,5
driver_scheduling.tests.apis.test_slots.TestScheduledTripRequestSlotsAPIAsDriver,0.477,5
hardware_sdk_otakeys.tests.test_rentals.OdometerJumpingTestCase,0.476,5
payments.tests.serializers.test_payment_items.PaymentItemsFromPricingTests,0.476,5
service_regions.tests.tests_special_dispatch_regions.TestPinBasedSpecialDispatchRegion,0.475,5
services.tests.apis.v2.test_settings_api.TestTenantConfigAPIViaSuperAdmin,0.473,5
vehicles.tests.apis.v3.test_vehicles.TestVehicleTypeAsDispatcher,0.471,5
users.tests.signals.test_carsharing_customers.TestDriversLicenseSignals,0.466,5
rentals.tests.apis.test_rental_estimate_operations.TestRentalEstimateOperations,0.462,5
service_regions.tests.test_serviceregions.ServiceRegionTestCase,0.462,5
payments.tests.tasks.test_payments.TestHoldTripPaymentTasks,0.46,5
trips.tests.apis.test_trips.TestTripTasksAsDriverManager,0.456,5
users.tests.utils.test_user_utils.TestPermissionsMethods,0.449,5
rentals.tests.utils.test_gps_augmentation_utils.TestUtils,0.448,5
tickets.tests.models.test_tickets.TestTicketSaveMethodUpdate,0.446,5
promotions.tests.utils.test_promotion_eligibility_processors.EligibilityProcessorI18NTest,0.442,5
hardware_sdk_mensa.tests.test_webhooks.TestMensaPushFWOTAUpdate,0.434,5
payments.tests.tasks.test_rental_payments.TestFailedHoldPaymentTasks,0.432,5
vehicles.tests.models.test_carsharing_vehicles.TestVehicles,0.431,5
hardware_sdk_otakeys.tests.test_apis.TestAccessDeviceAPI,0.428,5
users.tests.apis.test_customers.TestIdentityAPIAsDispatcher,0.428,5
manual_identity_verification.tests.api.test_document_specification.TestDocumentSpecification,0.421,5
users.tests.apis.test_feedback.TestFeedbackAsDispatcher,0.419,5
hardware_sdk_geotab.tests.test_geotab_task.TestAddHWStatusToGeotabVehicle,0.418,5
hardware_sdk_geotab.tests.test_clear_virutal_keys_tasks.TestVirtualKeyFunctions,0.413,5
users.tests.apis.v2.test_supplier_companies.TestServiceTypeAPIV2AsSupplierManager,0.412,5
vehicle_cameras.tests.test_utils.TestDeleteImagesAndVideosFromReports,0.412,5
hardware_sdk_mensa.tests.test_interface.TestAddBleKeyMidRental,0.408,5
users.tests.apis.v3.test_drivers.TestGPSLocationSearch,0.406,5
django_utils.tests.models.test_base_model.TestCreatedAndUpdatedTimestamps,0.405,5
stations.tests.test_apis.TagViewSet,0.405,5
trips.tests.apis.test_dispatch_trip.TestPickupRequestModel,0.405,5
users.tests.apis.v3.test_carsharing_customers.TestCustomerIdentityVerificationV3,0.405,5
firebase.tests.test_utils.TokenCreationTestCase,0.399,5
rentals.tests.apis.v3.test_scheduling.TestScheduledRentalsAPIAsSupplierManager,0.398,5
users.tests.tasks.test_customerio.TestCustomerIOTriggerSelectionDuringMigration,0.395,5
vehicle_lifecycle.tests.commands.test_create_life_cycle_template.PopulateUserProfileUUIDsTestCase,0.39,5
users.tests.apis.test_whitelisted_ip.TestWhiteListedIpsAPI,0.385,5
services.tests.models.test_services.TestServiceSettings,0.381,5
payments.tests.payment_providers.test_stripe_api.TestManagerPricingFullAccess,0.376,5
promotions.tests.models.test_credits.CreditManagerTestCase,0.374,5
hardware_sdk_geotab.tests.test_geotab_task.TestFetchGeotabTelematics,0.373,5
payments.tests.utils.test_carsharing_payment_utils.TestPaymentDisplay,0.373,5
users.tests.apis.test_customers.TestCustomersAPIStaff,0.367,5
data_pipeline.tests.models.test_data_pipeline.TestBusinessRentalReasonToDataPipeline,0.366,5
hardware_sdk_invers.tests.test_telematics_processing.TestInversTelematicsProcessing,0.365,5
locations.tests.models.test_locations.TestLocationAliases,0.364,5
payments.tests.utils.test_carsharing_payment_utils.TestSendRentalReceipt,0.361,5
service_regions.tests.test_tasks.ServiceRegionTasksTestCase,0.359,5
users.tests.models.test_suppliers.TestSupplierCompanyValetProviderUpdates,0.356,5
vehicle_blocks.tests.test_vehicle_blocks.TestPatchVehicleBlockAPI,0.355,5
hardware_sdk_mensa.tests.test_webhooks.TestMensaPushCCMVersion,0.352,5
vehicles.tests.utils.test_telematics.TestProcessTelematicsFilter,0.351,5
payments.tests.payment_providers.test_stripe_api.TestStripeChargeCustomer,0.349,5
payments.tests.tasks.test_payments.TestChargeTripCancellationFeeTask,0.349,5
payments.tests.payment_providers.test_stripe_api.TestStripeRefund,0.348,5
services.tests.apis.v2.test_services.TestServicesAPIAnonymous,0.348,5
vehicle_conditions.tests.apis.test_vehicle_condition.TestVehicleConditionApiAsManager,0.347,5
trips.tests.apis.test_trips.TestTripTasksAsDispatcher,0.343,5
payments.tests.utils.test_carsharing_payment_utils.TestBuildOnDemandRentalReceiptData,0.343,5
services.tests.apis.test_service_periods.TestServicePeriodAPI,0.339,5
hardware_sdk_otakeys.tests.test_interface.TestRegisterVehicle,0.337,5
vehicles.tests.apis.v3.test_event_report_config.TestEventReportConfigAsDispatcher,0.336,5
promotions.tests.models.test_coupons.CouponModelTestCase,0.335,5
billing.tests.signals.test_invoice_signals.TestInvoiceSignals,0.334,5
app_logging.tests.apis.test_logs.TestLogViewSet,0.328,5
pipelines.tests.apis.v3.test_external_schema_api.ExternalSchemaTests,0.327,5
users.tests.models.test_customers.CustomerQuerySetTestCase,0.325,5
stations.tests.test_apis.TagTypesViewSet,0.323,5
users.tests.third_party.test_ocean.TestOceanWebhookHandler,0.323,5
vehicles.tests.apis.v3.test_registered_hw_devices.TestNoVehicle,0.321,5
vehicle_automation.tests.test_automations.TestHellaConnectorUtils,0.32,5
hardware_sdk_geotab.tests.test_go9_gps_task.TestVendorTasks,0.315,5
payments.tests.utils.test_carsharing_payment_utils.TestBuildScheduledRentalReceiptData,0.313,5
calendars.tests.actions.test_actions.TestActivePricingAction,0.311,5
services.tests.serializers.test_configurations.TestTenantConfigurationsSerializer,0.311,5
promotions.tests.serializers.test_service_based_access_control.TestPromotionEditAccessForSystemAdmin,0.308,5
uber_integration.tests.test_sync_vehicles_command.SyncVehiclesTest,0.303,5
users.tests.apis.test_feedback.TestFeedback,0.3,5
vehicles.tests.apis.v2.test_carsharing_vehicles.VehiclesV2ValetSupplierTests,0.299,5
hardware_sdk_otakeys.tests.test_interface.TestDeregisterVehicle,0.29,5
vehicle_blocks.tests.test_vehicle_timeline.TestVehicleTimeLineAPI,0.29,5
service_regions.tests.test_serviceregions.LocationTestCase,0.289,5
service_regions.tests.test_registrationregions.TestV3RegistrationRegionAPI,0.287,5
django_utils.tests.apis.v3.test_documentation.TestDRFAutoDocsRendering,0.284,5
trips.tests.apis.test_trips.TestTripRatingsReasonAsCustomer,0.284,5
hardware.tests.test_vendor_client_util.TestLogApiRequest,0.281,5
tickets.tests.test_tasks.TicketTestCase,0.281,5
calendars.tests.models.test_period_queryset.PeriodQuerySetTests,0.28,5
locations.tests.utils.test_locations.AliasesSearchTestCase,0.279,5
vehicles.tests.apis.v3.test_event_report_config.TestEventReportConfigAsCustomer,0.279,5
hardware_sdk_geotab.tests.test_offline_tags_storage_tasks.TestOfflineStorageVKCreation,0.279,5
phone_messaging.tests.utils.test_send_sms.TestSendSmsNumberOutboundSMS,0.277,5
rentals.tests.apis.test_rental_operations.TestRentalAPIOperationsAsCustomer,0.277,5
hardware_sdk_geotab.tests.test_interface.TestRegisterVehicle,0.276,5
situation_engine.tests.test_engine.TestSituationEngineBasicFunctions,0.276,5
vehicle_cameras.tests.test_models.TestForgottenObjectReportModel,0.275,5
vehicles.tests.apis.v3.test_carsharing_vehicles.TestVehicleDamageScreenInfo,0.273,5
calendars.tests.tasks.test_tasks.TestCalendarSchedulingTaskForCarsharingPricing,0.272,5
payments.tests.utils.test_payment_utils.TestRefundApi,0.271,5
services.tests.apis.test_service_periods.TestServicePeriodInService,0.267,5
users.tests.apis.v3.test_notifications.TestNotificationsAPIAsCustomer,0.264,5
users.tests.models.test_users.TestTriggerMemberUpdateEvent,0.264,5
vehicles.tests.apis.test_vehicle_admin.TestRecurringAlertVINs,0.261,5
payments.tests.payment_providers.test_stripe_api.TestProcessCharge,0.257,5
service_regions.tests.test_operatingregions.LocationTestCase,0.257,5
vehicles.tests.apis.v3.test_carsharing_vehicles.VehiclesV1APITestCase,0.247,5
payments.tests.payment_providers.test_stripe_api.TestCustomerPricingViewOnly,0.246,5
locations.tests.utils.test_locations.TestLocationFromGeocode,0.245,5
services.tests.apis.v3.test_markets.TestMarketAPIListFilteringByGeometry,0.244,5
services.tests.utils.test_carsharing_service_utils.TestValidateCustomerServiceExclusiveness,0.242,5
services.tests.models.test_configurations.TestDisableOnFlag,0.24,5
services.tests.utils.test_carsharing_service_utils.TestGetBraintreeMerchantAccountId,0.238,5
rest_utils.tests.v3.test_permissions.TestRoleRequiredFilterBackend,0.232,5
hardware_sdk_geotab.tests.test_after_stop_lock_tasks.TestAfterStopLockTasks,0.23,5
users.tests.models.test_supplier_company.TestSupplierCompanyModel,0.223,5
users.tests.apis.v2.test_supplier_companies.TestPermissionsAsSupplierManager,0.216,5
users.tests.tasks.test_user_activities.TestSendUserActivityEmailOnChangeInCreditCardInUseValue,0.214,5
hardware_sdk_mensa.tests.test_mensa_tasks.TestMensaActionStatusMissing,0.212,5
users.tests.models.test_users.PopulateUserProfileUUIDsTestCase,0.199,5
tickets.tests.test_signals.TicketTestCase,0.198,5
vehicle_blocks.tests.test_vehicle_timeline.TestVehicleTimeLineAPIAsWorker,0.198,5
hardware_sdk_mensa.tests.test_webhooks.TestPushAuthentication,0.197,5
services.tests.models.test_carsharing_services.TestScheduledRentalRequestsType,0.195,5
vehicle_markers.tests.test_signals.TestMarkerTypeSignal,0.193,5
users.tests.apis.v2.test_supplier_companies.TestPermissionsAsValetSupplier,0.191,5
calendars.tests.models.test_periods.TestPeriodModel,0.189,5
calendars.tests.tasks.test_tasks.TestCalendarSchedulingTaskForSSR,0.188,5
hardware_sdk_artel.tests.test_artel_hw_signals.TestArtelSignal,0.187,5
users.tests.models.test_users.UserProfilePreferredLanguageTestCase,0.187,5
hardware_sdk_dummyhw.tests.test_dummy_hw_signals.TestDummyHWSignal,0.185,5
hardware_sdk_geotab.tests.test_ble_synthesis.TestBLEFeedbackAPI,0.18,5
users.tests.models.test_users.UserPasswordHistoryTest,0.177,5
rentals.tests.utils.test_carsharing_validation_utils.TestValidateReservation,0.168,5
vehicle_markers.tests.test_apis.TestVehicleMarkerTypeAPIAsAnon,0.168,5
websockets.tests.utils.test_websocket_utils.TestWebsocketUserData,0.166,5
calendars.tests.actions.test_actions.TestActiveSSRAction,0.164,5
users.tests.tasks.test_user_activities.TestSendEmailRetry,0.163,5
vehicle_blocks.tests.test_vehicle_block_data_pipeline.TestVehicleBlockTasks,0.163,5
hardware_sdk_geotab.tests.test_interface.TestVehicleAction,0.163,5
calendars.tests.actions.test_actions.TestDefaultSSRAction,0.161,5
hardware_sdk_mensa.tests.test_interface.TestGettingMobileDeviceId,0.157,5
payments.tests.serializers.test_payment_packages.PricingPackagesListSchemaTests,0.154,5
vehicle_lifecycle.tests.test_state_parsing.TestRecordSchemas,0.154,5
app_logging.tests.models.test_customer_device_context.TestCustomersDeviceContextModel,0.153,5
services.tests.models.test_service_periods.TestServicePeriodSessionDate,0.153,5
vehicles.tests.models.test_telematics.TestTelematics,0.152,5
calendars.tests.actions.test_actions.TestDefaultPricingAction,0.151,5
rentals.tests.tasks.test_scheduling.TestSchedulingTasksCleanUp,0.151,5
hardware_sdk_artel.tests.test_process_artel_telematics.TestArtelProcessTelematics,0.15,5
app_logging.tests.utils.test_customer_device_context_utils.TestGenerateMFACode,0.148,5
pipelines.tests.serializers.v3.test_external_schema.IngestionPayloadSerializerTests,0.148,5
payments.tests.utils.test_payment_utils.TestRefundComputation,0.146,5
static_asset_utils.tests.tasks.test_images.TestVehicleImages,0.144,5
vehicle_automation.tests.test_automations.TestTelematicDataEvent,0.143,5
users.tests.models.test_staff.TestStaffModel,0.141,5
services.tests.models.test_configurations.TestConfigurationCaching,0.14,5
hardware_sdk_geotab.tests.test_webhooks_serializers.TestGeotabNotificationSerializer,0.139,5
phone_messaging.tests.tasks.test_smswebhook.TestFireSmsWebhook,0.138,5
situation_engine.tests.utils.test_criteria.TestCriteriaFunctions,0.128,5
promotions.tests.serializers.test_service_based_access_control.TestSerializerReadOnlyFields,0.127,5
django_utils.tests.test_utils.TestModelDiffMixin,0.123,5
maps.tests.utils.test_travel_durations.TestDirectionsPerTransportMode,0.122,5
vehicle_cameras.tests.test_tasks.TestNewEventsTaskDashcam,0.122,5
vehicle_lifecycle.tests.test_lifecycle_utils.TestLifeCycleCopyFunctions,0.122,5
payments.tests.payment_providers.test_braintree_api.TestBrainTree3DSecureFlow,0.121,5
vehicle_automation.tests.test_automations.TestAutomationType,0.121,5
rentals.tests.tasks.test_scheduling.TestScheduledRentalsConfirmationAndOpsEmails,0.12,5
users.tests.tasks.test_user_activities.TestSendUserActivityEmail,0.12,5
billing.tests.utils.test_invoice_utils.TestChargeInvoice,0.117,5
ops_center.tests.views.test_dispatch_ui.LoggedOutDispatcherUITestCase,0.117,5
payments.tests.models.test_payments.TestPaymentProperties,0.116,5
uber_integration.tests.test_rentals_api.UberApiAuthenticationTest,0.116,5
vehicle_cameras.tests.test_viewsets.TestDashcamReportsViewSet,0.116,5
vehicle_cameras.tests.test_tasks.TestNewEventsTaskForgottenObject,0.115,5
payments.tests.payment_providers.test_stripe_api.TestStripeCapture,0.112,5
trips.tests.models.test_trip_queries.TestTripQueries,0.11,5
trips.tests.models.test_trip_queries.TestTripStats,0.107,5
hardware_sdk_otakeys.tests.test_interface.TestAddAccessDevice,0.103,5
vehicle_lifecycle.tests.test_state_parsing.TestStateBuild,0.103,5
data_pipeline.tests.utils.test_data_pipeline_transport_config_validation.DataPipelineSenderBootStrapTests,0.102,5
scripts.migrations.test_migrations.SQLWarningTestCase,0.101,5
services.tests.models.test_markets.TestMarketGeometryFilter,0.1,5
hardware_sdk_geotab.tests.test_interface.TestVirtualKeyFunctions,0.098,5
trips.tests.models.test_scheduled_trip_requests.TestScheduledTripRequestStatus,0.098,5
payments.tests.payment_providers.test_stripe_api.TestStripeAPI,0.095,5
firebase.tests.test_client.TestFirebaseClient,0.094,5
django_utils.tests.apis.test_healthcheck.HealthCheckTestCase,0.093,5
hardware_sdk_mensa.tests.test_interface.TestGetVehicleStatus,0.092,5
locations.tests.serializers.v3.test_locations.TestV3LocationSerializer,0.092,5
vehicle_automation.tests.utils.test_telematics_alerts_jobs_automation.TestEvaluation,0.092,5
locations.tests.serializers.test_locations.TestLocationSerializer,0.091,5
uber_integration.tests.test_client.UberClientTest,0.089,5
vehicle_lifecycle.tests.test_state_parsing.TestRecordParser,0.089,5
hardware_sdk_mensa.tests.test_webhooks_serializers.TestSynthesisSerializer,0.088,5
users.tests.apis.test_customers.TestIdentityAPIV3AsAnonymous,0.088,5
locations.tests.models.test_locations.TestGeoFence,0.087,5
uber_integration.tests.test_oauth_authenticate.UberCreateCustomerPOSTTest,0.087,5
vehicle_cameras.tests.test_media_utils.TestValidation,0.086,5
users.tests.models.test_users.AutoClearAddressMetadataTestCase,0.084,5
afm_integration.tests.test_svc_tenant_config.TestTenantConfigManangement,0.082,5
payments.tests.utils.test_carsharing_payment_utils.TestFareEstimate,0.082,5
data_pipeline.tests.utils.test_data_pipeline_transport_config_validation.KafkaConfigurationValidationTests,0.081,5
services.tests.models.test_service_periods.TestServicePeriodActiveTimePeriod,0.081,5
pipelines.tests.serializers.v3.test_external_schema.ExternalSchemaSerializerTests,0.079,5
payments.tests.payment_providers.test_stripe_api.TestStripeCustomerProfileModify,0.078,5
users.tests.apis.v3.test_notifications.TestNotificationsAPIAnonymous,0.077,5
hardware_sdk_otakeys.tests.test_interface.TestAddRFID,0.075,5
payments.tests.models.test_payments.TestEmailRegexValidator,0.073,5
pipelines.tests.utils.test_schema_translation_utils.MissingFieldSearchTests,0.073,5
services.tests.apis.test_service_periods.TestServicePeriodContiguous,0.073,5
hardware_sdk_geotab.tests.test_interface.TestUnlockMobilize,0.072,5
payments.tests.utils.test_localized_measurement_units.QuantizationTests,0.071,5
carsharing.tests.test_management_commands.TestMigrateMarkerTypeToVehicleModelCommand,0.069,5
hardware_sdk_geotab.tests.test_interface.TestLockImmobilize,0.068,5
payments.tests.serializers.test_payments.TestItemPriceSerializer,0.067,5
services.tests.utils.test_api_utils.TestValidateCoordinatesParams,0.067,5
vehicle_cameras.tests.test_viewsets.TestForgottenObjectsReportsViewSet,0.067,5
hardware_sdk_mensa.tests.test_mensa_tasks.TestMensaDeletePendingDeviceParams,0.066,5
locations.tests.apis.v3.test_locations.LocationTestingMixin,0.066,5
users.tests.apis.test_drivers.TestDriverSignals,0.066,5
locations.tests.utils.test_locations.GetStreetsFromGeoCodeTestCase,0.065,5
pipelines.tests.utils.test_schema_translation_utils.SchemaTranslationTests,0.065,5
users.tests.third_party.test_jumio.TestJumioAuthentication,0.065,5
hardware_sdk_otakeys.tests.test_interface.TestRemoveAccessDevice,0.063,5
payments.tests.tasks.test_payments.TestDebitFailedPayments,0.062,5
promotions.tests.utils.test_promotion_eligibility_processors.EligibilityProcessorRegistryTest,0.062,5
users.tests.apis.test_customers.TestIdentityAPIAsAnonymous,0.062,5
payments.tests.models.test_payments.TestTransactionRiskExemption,0.061,5
vehicle_cameras.tests.test_utils.TestBulkTransferAndValidateObjects,0.059,5
ops_center.tests.apis.v3.test_service_prefences.TestOpsCenterServicePreferencesAPIForAnon,0.058,5
phone_messaging.tests.models.test_number_masking.TestDataCreateAndDelete,0.058,5
rider_ivrs.tests.utils.test_utils.IVRSUtilsTestCase,0.053,5
django_utils.tests.utils.test_messaging_utils.AWSConfigurationTestCase,0.053,5
trips.tests.models.test_trip_queries.TestTripUnits,0.053,5
hardware_sdk_otakeys.tests.test_webhooks.TestOTAKeysDigitalSignatures,0.052,5
hardware_sdk_mensa.tests.test_webhooks.TestMensaDigitalSignatures,0.051,5
billing.tests.utils.test_invoice_utils.TestBuildInvoiceData,0.051,5
hardware_sdk_invers.tests.test_interface.TestRentalSummary,0.049,5
hardware_sdk_geotab.tests.test_geotab_api_caller.TestGeotabAPICaller,0.048,5
promotions.tests.models.test_promotions.TestPromotionServices,0.048,5
vehicle_automation.tests.test_automations.TestDTCAutomationSettingItem,0.046,5
situation_engine.tests.utils.test_utils.TestFunctionRegistration,0.045,5
vehicle_lifecycle.tests.test_state_parsing.TestVehicleRecordCollection,0.045,5
hardware_sdk_continental.tests.test_reservation_flow.TestReservationAPI,0.044,5
phone_messaging.tests.utils.test_sip_trunking.TestSipTrunking,0.043,5
calendars.tests.filters.test_period_filter.PeriodFilterMixinTests,0.042,5
payments.tests.utils.test_localized_measurement_units.LocalizedDurationTests,0.042,5
users.tests.models.test_carsharing_customers_can_reserve_car.CustomerMessagesI18nTestCase,0.042,5
vehicle_cameras.tests.test_lge_requests.TestRequestForgottenObjects,0.041,5
data_pipeline.tests.utils.test_data_pipeline_transport_config_validation.SqsTransportConfigurationValidationTests,0.04,5
data_pipeline.tests.utils.test_timestamp_resolution.DatetimeSerializationTests,0.04,5
vehicle_automation.tests.test_automations.TestRecommendation,0.038,5
django_utils.tests.utils.test_locale_utils.TestLocaleUtils,0.035,5
django_utils.tests.utils.test_datetime_utils.TestDateTimeRange,0.034,5
payments.tests.payment_providers.test_stripe_api.TestStripeCustomerModify,0.032,5
experiments.tests.TestExperimentClient,0.031,5
hardware_sdk_geotab.tests.test_vendor_tasks.TestVehicleDoesNotExist,0.029,5
hardware_sdk_mensa.tests.test_webhooks_serializers.TestCurrentParametersSerializer,0.029,5
rentals.tests.utils.test_scheduling_utils.TestSchedulingTasks,0.029,5
payments.tests.serializers.test_payment_packages.PricingPackageItemSchemaTests,0.028,5
driver_scheduling.tests.models.test_slots.SlotTestBase,0.027,5
hardware_sdk_mensa.tests.test_webhooks.TestMensaPushDiagnostics,0.027,5
hardware_sdk_mensa.tests.utils.test_ntp_utils.TestNTP,0.027,5
hardware_sdk_geotab.tests.test_interface.TestGetRentalSummary,0.025,5
payments.tests.models.test_payments.TestPricingPeriod,0.025,5
payments.tests.utils.test_fare_utils.PricingTestCase,0.025,5
firebase.tests.test_utils.FirebaseUtilsTasksTestCase,0.024,5
payments.tests.utils.test_localized_measurement_units.LocalizedDistanceUnitTests,0.023,5
rentals.tests.serializers.test_contract_scheduled_rentals_requests.TestScheduledRentalRequestUserGroupExemption,0.023,5
vehicle_automation.tests.utils.test_telematics_alerts_jobs_automation.TestTelematicsEventUpdate,0.023,5
vehicle_cameras.tests.test_signals.TestVehicleCameraSignals,0.023,5
django_utils.tests.utils.test_email_utils.EmailSuppressionHeaderTest,0.022,5
locations.tests.utils.test_locations.AutocompleteTestCase,0.022,5
test_utils.test_pickle_buffer.PickleBufferTestCase,0.021,5
hardware_sdk_mensa.tests.test_webhooks_serializers.TestCCMVersionSerializer,0.02,5
pipelines.tests.utils.test_kafka_consumer_callbacks.UserSyncTests,0.02,5
vehicle_cameras.tests.test_lge_requests.TestRegisterVehicleCamera,0.017,5
locations.tests.serializers.test_locations.TestLocationFetch,0.016,5
users.tests.utils.test_notifications.UserResetPasswordTestCase,0.015,5
hardware_sdk_mensa.tests.test_webhooks_serializers.TestValidateEndRentalSerializer,0.012,5
django_utils.tests.utils.test_datetime_utils.TestParseDate,0.011,5
django_utils.tests.utils.test_celery_serialization.TestSerializerRoundtrips,0.011,5
hardware_sdk_mensa.tests.test_webhooks_serializers.TestDiagnosticsSerializer,0.011,5
locations.tests.models.test_locations.TestLocation,0.011,5
payments.tests.utils.test_carsharing_payment_utils.TestDistanceFareCalculation,0.01,5
payments.tests.utils.test_payment_utils.TestUpdatePaymentWithRefund,0.01,5
hardware_sdk_mensa.tests.test_webhooks_serializers.TestAssetIdMixin,0.009,5
hardware_sdk_mensa.tests.test_webhooks_serializers.TestEnvironmentChangedSerializer,0.009,5
hardware_sdk_geotab.tests.test_carsharing_vehicles.TestGeotabCarsharingVehicleSignals,0.008,5
hardware_sdk_mensa.tests.test_webhooks_serializers.TestFWOTARawLogSerializer,0.008,5
hardware_sdk_mensa.tests.test_webhooks_serializers.TestStartRfidRentalSerializer,0.008,5
django_utils.tests.test_utils.TestPhoneNumberFormatting,0.007,5
calendars.tests.test_intervals.TestTimeInterval,0.006,5
calendars.tests.test_recurrence_schema.RecurrenceRuleSchemaTests,0.006,5
django_utils.tests.test_utils.TestDeserializeJsonField,0.005,5
django_utils.tests.utils.test_cache_utils.TestVersionedCache,0.005,5
locations.tests.models.test_locations.TestCacheableSearchResult,0.005,5
payments.tests.utils.test_carsharing_payment_utils.TestDistanceCapCalculation,0.005,5
data_pipeline.tests.models.test_data_pipeline_registry.DataPipelineRegistryTest,0.004,5
hardware_sdk_mensa.tests.test_webhooks_serializers.TestGetKeysSerializer,0.004,5
rest_utils.tests.v3.test_error_codes.TestErrorCodeRendering,0.004,5
services.tests.utils.test_view_utils.TestGetPasswordRules,0.004,5
hardware_sdk_mensa.tests.apis.test_mensa_bluetooth.TestRegisterMensaMobileDeviceSerializer,0.003,5
hardware_sdk_mensa.tests.test_webhooks_serializers.TestBaseSerializer,0.003,5
locations.tests.utils.test_geo_utils.TestConversionsAndFormats,0.003,5
django_utils.tests.utils.test_datetime_utils.TestConvertSecondsToHoursMinutesAndSeconds,0.002,5
django_utils.tests.utils.test_datetime_utils.TestRoundDateTimeMinutes,0.002,5
hardware_sdk_mensa.tests.test_webhooks.TestCustomErrorHandling,0.002,5
services.tests.migrations.test_serviceregistration_waive_migration.TestServiceRegistrationWaiveFee,0.002,5
vehicles.tests.migrations.test_vehicletype_migration.VehicleTypeMigrationTestCase,0.002,5
vehicle_lifecycle.tests.test_lifecycle_step_jobs.TestVehicleLifeCycleSignals,0.002,5
data_pipeline.tests.models.test_data_pipeline_registry.DataPipelineRegistryFullSnapshotTest,0.001,5
django_utils.tests.utils.test_celery_serialization.TestSerializerWireFormat,0.001,5
payments.tests.utils.test_payment_utils.TestNegativeAdditionalFees,0.001,5
rest_utils.tests.v3.test_fields.Testi18nJSONValidation,0.001,5
websockets.tests.utils.test_websocket_utils.TestWebsocketUtils,0.001,5
billing.tests.test_invoices.TestInvoicesWithPermissions,0.0,5
payments.tests.apis.test_customers_cards.TestHasValidCcExpirationDates,0.0,5
rentals.tests.apis.v3.test_scheduling.TestScheduledRentalRequestQueue,0.0,5
rentals.tests.serializers.test_scheduled_rentals_requests.TestScheduledRentalValetConcurrencyLimits,0.0,5
users.tests.apis.test_customer_signup.TestCustomerSignupLocale,0.0,5
users.tests.apis.v2.test_carsharing_customers.TestCustomerSignupLocale,0.0,5
users.tests.utils.test_user_utils.TestValidateDOB,0.0,5
vehicles.tests.apis.test_gpspositions.TestGpsPositionUpdate,0.0,5
vehicles.tests.apis.test_gpspositions.TestGpsPositionUpdateWithSupplierManager,0.0,5
vehicle_automation.tests.test_automation_apis.TestAutomationAlertsAPITestCase,0.0,5
vehicle_automation.tests.test_automation_apis.TestAutomationAlertsCountAPITestCase,0.0,5
vehicle_automation.tests.test_automation_apis.TestDTCRecommendationAPI,0.0,5
